{"type":"FeatureCollection","features":[{"type":"Feature","properties":{"date":"2024/07/10","year":"2024","district":"南港區","depth":15,"level":"low","area":756.71,"addr":"臺北市南港區福德街300巷49弄及310巷及309"},"geometry":{"type":"Polygon","coordinates":[[[121.587161,25.040782],[121.587387,25.040152],[121.587303,25.040088],[121.587077,25.040733],[121.587161,25.040782]]]}},{"type":"Feature","properties":{"date":"2024/07/10","year":"2024","district":"信義區","depth":15,"level":"low","area":252.81,"addr":"臺北市信義區六合里松仁路228巷"},"geometry":{"type":"Polygon","coordinates":[[[121.568934,25.025482],[121.568958,25.025416],[121.568692,25.02529],[121.568646,25.025345],[121.568934,25.025482]]]}},{"type":"Feature","properties":{"date":"2024/07/10","year":"2024","district":"信義區","depth":15,"level":"low","area":399.23,"addr":"臺北市信義區吳興街284巷39弄17號"},"geometry":{"type":"Polygon","coordinates":[[[121.563965,25.022472],[121.563992,25.022148],[121.563931,25.022145],[121.563908,25.022442],[121.563715,25.022653],[121.563759,25.022702],[121.563965,25.022472]]]}},{"type":"Feature","properties":{"date":"2024/07/10","year":"2024","district":"信義區","depth":20,"level":"medium","area":442.75,"addr":"臺北市信義區吳興街475號"},"geometry":{"type":"Polygon","coordinates":[[[121.569298,25.023694],[121.569731,25.023472],[121.569698,25.023406],[121.569263,25.023626],[121.569298,25.023694]]]}},{"type":"Feature","properties":{"date":"2024/07/10","year":"2024","district":"信義區","depth":15,"level":"low","area":305.61,"addr":"臺北市信義區吳興街600巷100弄"},"geometry":{"type":"Polygon","coordinates":[[[121.572016,25.017863],[121.57231,25.017528],[121.572258,25.017496],[121.571974,25.017825],[121.572016,25.017863]]]}},{"type":"Feature","properties":{"date":"2024/07/10","year":"2024","district":"信義區","depth":15,"level":"low","area":809.81,"addr":"臺北市信義區松仁路234巷"},"geometry":{"type":"Polygon","coordinates":[[[121.568992,25.025709],[121.569273,25.025204],[121.569145,25.025146],[121.568891,25.02566],[121.568992,25.025709]]]}},{"type":"Feature","properties":{"date":"2024/07/10","year":"2024","district":"信義區","depth":20,"level":"medium","area":639.55,"addr":"臺北市信義區松仁路308巷129號"},"geometry":{"type":"Polygon","coordinates":[[[121.57097,25.019903],[121.571219,25.019379],[121.571117,25.019369],[121.570878,25.01986],[121.57097,25.019903]]]}},{"type":"Feature","properties":{"date":"2024/07/10","year":"2024","district":"信義區","depth":15,"level":"low","area":2009.72,"addr":"臺北市信義區松友里信義路六段76巷2弄22號"},"geometry":{"type":"Polygon","coordinates":[[[121.576148,25.034867],[121.576284,25.034709],[121.575952,25.03445],[121.576051,25.034343],[121.575987,25.034293],[121.57588,25.034415],[121.575612,25.034226],[121.57546,25.034358],[121.576148,25.034867]]]}},{"type":"Feature","properties":{"date":"2024/07/10","year":"2024","district":"信義區","depth":15,"level":"low","area":222.36,"addr":"臺北市信義區虎林街104巷、108巷與忠孝東路五段295巷交叉"},"geometry":{"type":"Polygon","coordinates":[[[121.572634,25.043038],[121.572631,25.042702],[121.572557,25.042707],[121.572573,25.04304],[121.572634,25.043038]]]}},{"type":"Feature","properties":{"date":"2024/07/10","year":"2024","district":"信義區","depth":20,"level":"medium","area":789.88,"addr":"臺北市信義區富陽街68號"},"geometry":{"type":"Polygon","coordinates":[[[121.556492,25.022012],[121.556569,25.021384],[121.556456,25.021377],[121.556384,25.022007],[121.556492,25.022012]]]}},{"type":"Feature","properties":{"date":"2024/07/10","year":"2024","district":"信義區","depth":20,"level":"medium","area":289.66,"addr":"臺北市信義區惠安里吳興街494巷"},"geometry":{"type":"Polygon","coordinates":[[[121.569169,25.023409],[121.569574,25.023208],[121.569548,25.023161],[121.569142,25.023368],[121.569169,25.023409]]]}},{"type":"Feature","properties":{"date":"2024/07/10","year":"2024","district":"信義區","depth":15,"level":"low","area":405.28,"addr":"臺北市信義區雙和里吳興街284巷20弄22弄"},"geometry":{"type":"Polygon","coordinates":[[[121.563071,25.025196],[121.563087,25.025168],[121.563015,25.025115],[121.563151,25.024953],[121.563096,25.024907],[121.562975,25.025038],[121.562921,25.025046],[121.562845,25.024977],[121.562801,25.025007],[121.562895,25.025082],[121.562891,25.025123],[121.562854,25.025171],[121.562917,25.025214],[121.562997,25.025141],[121.563071,25.025196]]]}},{"type":"Feature","properties":{"date":"2021/06/04","year":"2021","district":"大安區","depth":15,"level":"low","area":1300.0,"addr":"大安區仁愛路4段390號至419號"},"geometry":{"type":"MultiPolygon","coordinates":[[[[121.556841,25.037554],[121.556854,25.037443],[121.556321,25.03746],[121.556317,25.03757],[121.556841,25.037554]]],[[[121.555863,25.037942],[121.55587,25.037863],[121.55543,25.037877],[121.555336,25.038187],[121.555397,25.038196],[121.555479,25.037965],[121.555863,25.037942]]],[[[121.555851,25.038449],[121.555861,25.038389],[121.555394,25.038407],[121.555373,25.038459],[121.555851,25.038449]]]]}},{"type":"Feature","properties":{"date":"2021/06/04","year":"2021","district":"信義區","depth":35,"level":"high","area":6000.0,"addr":"信義區忠孝東路4段553巷、基隆路1段172巷一帶"},"geometry":{"type":"Polygon","coordinates":[[[121.562834,25.044608],[121.562838,25.044608],[121.562839,25.044608],[121.562839,25.044608],[121.563564,25.044588],[121.563599,25.044561],[121.563762,25.044249],[121.563732,25.044171],[121.563721,25.043279],[121.563694,25.043278],[121.564851,25.043249],[121.564933,25.04323],[121.564901,25.043169],[121.564834,25.043191],[121.563717,25.043216],[121.563718,25.042987],[121.563645,25.042988],[121.563646,25.043217],[121.562821,25.043233],[121.562816,25.043115],[121.562747,25.043116],[121.562777,25.044604],[121.562834,25.044608],[121.562834,25.044608]]]}},{"type":"Feature","properties":{"date":"2021/06/04","year":"2021","district":"信義區","depth":30,"level":"medium","area":3650.0,"addr":"信義區莊敬路一帶"},"geometry":{"type":"MultiPolygon","coordinates":[[[[121.565522,25.027577],[121.565496,25.027473],[121.564951,25.027581],[121.56424,25.027784],[121.564288,25.027882],[121.565065,25.027662],[121.565522,25.027577]]],[[[121.564351,25.028053],[121.564281,25.027891],[121.564228,25.027907],[121.564304,25.028082],[121.564351,25.028053]]],[[[121.565149,25.028131],[121.565134,25.028085],[121.564553,25.028264],[121.564595,25.028306],[121.565149,25.028131]]],[[[121.563573,25.028116],[121.563486,25.028042],[121.562961,25.02868],[121.563063,25.028749],[121.563025,25.028793],[121.563642,25.029184],[121.56367,25.029144],[121.563068,25.028748],[121.563573,25.028116]]]]}},{"type":"Feature","properties":{"date":"2021/06/04","year":"2021","district":"信義區","depth":25,"level":"medium","area":49000.0,"addr":"信義區松隆路與永吉路30巷及120巷、基隆路1段101巷一帶"},"geometry":{"type":"Polygon","coordinates":[[[121.570279,25.045773],[121.570429,25.045497],[121.570429,25.045497],[121.570429,25.045497],[121.570432,25.045492],[121.570424,25.045492],[121.570372,25.045434],[121.570212,25.041553],[121.570135,25.041556],[121.568789,25.041504],[121.568787,25.041399],[121.568689,25.041408],[121.568755,25.044275],[121.567596,25.043546],[121.56734,25.043404],[121.567343,25.043399],[121.567064,25.043272],[121.566886,25.043221],[121.566687,25.043207],[121.566502,25.043214],[121.565943,25.043284],[121.565514,25.042592],[121.565406,25.042652],[121.565952,25.043572],[121.565947,25.043573],[121.567308,25.045786],[121.568892,25.045716],[121.568886,25.045826],[121.570279,25.045773]]]}},{"type":"Feature","properties":{"date":"2021/06/04","year":"2021","district":"信義區","depth":20,"level":"medium","area":880.0,"addr":"信義區虎林街100巷至120巷"},"geometry":{"type":"MultiPolygon","coordinates":[[[[121.573328,25.042618],[121.573323,25.042577],[121.572608,25.042581],[121.572611,25.04263],[121.573328,25.042618]]],[[[121.573198,25.042843],[121.573199,25.042794],[121.572612,25.0428],[121.572616,25.042855],[121.573198,25.042843]]],[[[121.573203,25.042992],[121.5732,25.042944],[121.572614,25.042956],[121.572617,25.043009],[121.573203,25.042992]]]]}},{"type":"Feature","properties":{"date":"2021/06/04","year":"2021","district":"文山區","depth":15,"level":"low","area":2500.0,"addr":"文山區木柵路2段7巷、興隆路4段8巷7弄一帶"},"geometry":{"type":"MultiPolygon","coordinates":[[[[121.559921,24.988828],[121.560053,24.988656],[121.558994,24.988661],[121.559119,24.988831],[121.559921,24.988828]]],[[[121.559059,24.989441],[121.559669,24.989176],[121.559734,24.989175],[121.559845,24.989192],[121.559872,24.989144],[121.559738,24.989128],[121.559664,24.989128],[121.559091,24.989371],[121.559078,24.989316],[121.559074,24.988827],[121.559019,24.988826],[121.559024,24.989316],[121.559059,24.989441]]]]}},{"type":"Feature","properties":{"date":"2021/06/04","year":"2021","district":"文山區","depth":30,"level":"medium","area":2350.0,"addr":"文山區興德路6巷一帶"},"geometry":{"type":"Polygon","coordinates":[[[121.555774,25.001128],[121.555804,25.001042],[121.556287,25.001182],[121.556348,25.001251],[121.556419,25.001231],[121.556373,25.001173],[121.556626,25.001141],[121.556607,25.001089],[121.556313,25.001122],[121.556241,25.001105],[121.556228,25.001101],[121.556246,25.001106],[121.556263,25.001023],[121.556242,25.000869],[121.556531,25.000869],[121.55653,25.0008],[121.556234,25.000808],[121.556218,25.000687],[121.5554,25.000759],[121.55539,25.000871],[121.555421,25.000879],[121.555387,25.000873],[121.555319,25.000855],[121.555276,25.000618],[121.55519,25.000655],[121.555255,25.000832],[121.555076,25.000767],[121.555055,25.00071],[121.554841,25.000784],[121.554873,25.000846],[121.55499,25.000796],[121.555731,25.001031],[121.555707,25.001109],[121.555529,25.001067],[121.555511,25.001109],[121.556155,25.001306],[121.556173,25.001249],[121.555774,25.001128]]]}},{"type":"Feature","properties":{"date":"2021/06/04","year":"2021","district":"大安區","depth":15,"level":"low","area":490.0,"addr":"忠孝東路4段142號-168號"},"geometry":{"type":"Polygon","coordinates":[[[121.549009,25.041117],[121.548921,25.041117],[121.548942,25.041425],[121.5496,25.041416],[121.549595,25.041286],[121.549086,25.041294],[121.54901,25.041238],[121.549009,25.041117]]]}},{"type":"Feature","properties":{"date":"2021/06/04","year":"2021","district":"大安區","depth":15,"level":"low","area":550.0,"addr":"大安區富陽街96號至108巷"},"geometry":{"type":"Polygon","coordinates":[[[121.556471,25.020358],[121.556545,25.020412],[121.556682,25.020279],[121.556745,25.019937],[121.556682,25.019935],[121.556604,25.020301],[121.556577,25.020335],[121.55653,25.020354],[121.556471,25.020358]]]}},{"type":"Feature","properties":{"date":"2021/06/04","year":"2021","district":"大安區","depth":15,"level":"low","area":4130.0,"addr":"大安區敦化南路1段177巷"},"geometry":{"type":"Polygon","coordinates":[[[121.552465,25.04285],[121.552381,25.042859],[121.552403,25.04343],[121.551989,25.043447],[121.551962,25.04252],[121.551133,25.042543],[121.551137,25.042601],[121.55189,25.042591],[121.551903,25.042988],[121.550829,25.043008],[121.550824,25.04307],[121.551905,25.043059],[121.551917,25.043448],[121.54968,25.043499],[121.549687,25.043567],[121.550759,25.043542],[121.550766,25.043833],[121.550836,25.043829],[121.550833,25.043551],[121.552483,25.043489],[121.552465,25.04285]]]}},{"type":"Feature","properties":{"date":"2021/06/04","year":"2021","district":"大安區","depth":20,"level":"medium","area":810.0,"addr":"大安區大安路1段193號"},"geometry":{"type":"Polygon","coordinates":[[[121.545957,25.036105],[121.54611,25.036099],[121.546077,25.035623],[121.545956,25.035626],[121.545957,25.036105]]]}},{"type":"Feature","properties":{"date":"2021/06/04","year":"2021","district":"大安區","depth":20,"level":"medium","area":22000.0,"addr":"大安區基隆路2、3段一帶"},"geometry":{"type":"Polygon","coordinates":[[[121.550435,25.022304],[121.550372,25.022249],[121.542813,25.015596],[121.544118,25.013932],[121.543995,25.013864],[121.542652,25.015542],[121.542541,25.01567],[121.547478,25.019842],[121.550286,25.022314],[121.550209,25.02236],[121.54247,25.015758],[121.542379,25.015874],[121.547331,25.020005],[121.55021,25.022481],[121.550435,25.022304]]]}},{"type":"Feature","properties":{"date":"2021/06/04","year":"2021","district":"大安區","depth":20,"level":"medium","area":644.0,"addr":"大安區四維路52巷"},"geometry":{"type":"Polygon","coordinates":[[[121.546062,25.035158],[121.547022,25.03513],[121.547027,25.035054],[121.54606,25.035083],[121.546062,25.035158]]]}},{"type":"Feature","properties":{"date":"2021/06/04","year":"2021","district":"大安區","depth":30,"level":"medium","area":275.0,"addr":"大安區四維路214號"},"geometry":{"type":"Polygon","coordinates":[[[121.547451,25.025885],[121.547458,25.025943],[121.547912,25.025913],[121.547913,25.025861],[121.547451,25.025885]]]}},{"type":"Feature","properties":{"date":"2021/06/04","year":"2021","district":"大安區","depth":15,"level":"low","area":990.0,"addr":"大安區四維路176巷"},"geometry":{"type":"Polygon","coordinates":[[[121.546927,25.027969],[121.547989,25.027906],[121.547986,25.028099],[121.548045,25.028101],[121.548058,25.027799],[121.547991,25.027806],[121.547994,25.027845],[121.546923,25.027903],[121.546927,25.027969]]]}},{"type":"Feature","properties":{"date":"2021/06/04","year":"2021","district":"大安區","depth":30,"level":"medium","area":760.0,"addr":"大安區四維路44巷"},"geometry":{"type":"Polygon","coordinates":[[[121.546073,25.03558],[121.547025,25.035574],[121.547015,25.035509],[121.546065,25.035519],[121.546073,25.03558]]]}},{"type":"Feature","properties":{"date":"2021/06/04","year":"2021","district":"大安區","depth":25,"level":"medium","area":360.0,"addr":"大安區安和路1段27號"},"geometry":{"type":"Polygon","coordinates":[[[121.549581,25.039651],[121.549657,25.039734],[121.549979,25.03948],[121.549904,25.039403],[121.549581,25.039651]]]}},{"type":"Feature","properties":{"date":"2021/06/04","year":"2021","district":"大安區","depth":25,"level":"medium","area":2170.0,"addr":"大安區忠孝東路四段216巷"},"geometry":{"type":"Polygon","coordinates":[[[121.552965,25.040192],[121.552901,25.040196],[121.552905,25.040317],[121.552311,25.04032],[121.552309,25.040384],[121.552909,25.040375],[121.552909,25.040775],[121.552403,25.040779],[121.552405,25.040843],[121.552885,25.040843],[121.552909,25.041292],[121.551832,25.04131],[121.551848,25.041368],[121.552965,25.041355],[121.552965,25.040192]]]}},{"type":"Feature","properties":{"date":"2021/06/04","year":"2021","district":"大安區","depth":15,"level":"low","area":120.0,"addr":"大安區延吉街251號"},"geometry":{"type":"Polygon","coordinates":[[[121.555994,25.035047],[121.556042,25.035075],[121.556249,25.034854],[121.55618,25.034812],[121.555994,25.035047]]]}},{"type":"Feature","properties":{"date":"2021/06/04","year":"2021","district":"大安區","depth":30,"level":"medium","area":900.0,"addr":"大安區和平東路3段346巷"},"geometry":{"type":"Polygon","coordinates":[[[121.557393,25.018865],[121.557343,25.01886],[121.557268,25.019437],[121.557273,25.019466],[121.557445,25.019617],[121.557482,25.019577],[121.55734,25.019449],[121.557393,25.018865]]]}},{"type":"Feature","properties":{"date":"2021/06/04","year":"2021","district":"中山區","depth":15,"level":"low","area":1815.0,"addr":"中山區長安東路2段246號"},"geometry":{"type":"Polygon","coordinates":[[[121.542171,25.048349],[121.543329,25.048328],[121.543325,25.048194],[121.542169,25.048219],[121.542171,25.048349]]]}},{"type":"Feature","properties":{"date":"2021/06/04","year":"2021","district":"中山區","depth":20,"level":"medium","area":800.0,"addr":"中山區八德路2段復興北路口"},"geometry":{"type":"Polygon","coordinates":[[[121.543354,25.047506],[121.543764,25.047611],[121.543764,25.047453],[121.543381,25.047364],[121.543354,25.047506]]]}},{"type":"Feature","properties":{"date":"2021/06/04","year":"2021","district":"內湖區","depth":15,"level":"low","area":900.0,"addr":"內湖區康湖路與成功路5段轉角"},"geometry":{"type":"Polygon","coordinates":[[[121.606429,25.082105],[121.606752,25.082062],[121.606873,25.081852],[121.606689,25.081667],[121.606429,25.082105]]]}},{"type":"Feature","properties":{"date":"2021/06/04","year":"2021","district":"文山區","depth":40,"level":"high","area":2400.0,"addr":"文山區木柵路4段159巷"},"geometry":{"type":"Polygon","coordinates":[[[121.575968,25.001626],[121.575967,25.001662],[121.577324,25.002275],[121.577623,25.002504],[121.577623,25.002584],[121.577577,25.002648],[121.577542,25.002737],[121.577595,25.002812],[121.577747,25.002907],[121.577835,25.003025],[121.577911,25.003627],[121.577821,25.003947],[121.577714,25.004102],[121.577564,25.004213],[121.577404,25.004345],[121.577241,25.004866],[121.577297,25.004877],[121.577387,25.004602],[121.577456,25.004379],[121.577599,25.004271],[121.577726,25.004177],[121.577816,25.004078],[121.577878,25.003946],[121.577969,25.003627],[121.577893,25.002988],[121.577782,25.002849],[121.57763,25.002749],[121.577612,25.002686],[121.577694,25.002622],[121.577699,25.002504],[121.577629,25.002419],[121.577353,25.002209],[121.575963,25.001584],[121.575968,25.001626]]]}},{"type":"Feature","properties":{"date":"2021/06/04","year":"2021","district":"文山區","depth":20,"level":"medium","area":2550.0,"addr":"文山區木柵路2段124號"},"geometry":{"type":"Polygon","coordinates":[[[121.560507,24.988816],[121.560743,24.988824],[121.561905,24.988953],[121.561975,24.988797],[121.561221,24.988704],[121.560508,24.988655],[121.560507,24.988816]]]}},{"type":"Feature","properties":{"date":"2021/06/04","year":"2021","district":"文山區","depth":20,"level":"medium","area":315.0,"addr":"文山區興隆路3段36巷"},"geometry":{"type":"Polygon","coordinates":[[[121.555257,24.999958],[121.555278,25.000005],[121.555564,24.999882],[121.555544,24.999839],[121.555257,24.999958]]]}},{"type":"Feature","properties":{"date":"2021/06/04","year":"2021","district":"松山區","depth":20,"level":"medium","area":350.0,"addr":"松山區基隆路1段1號"},"geometry":{"type":"Polygon","coordinates":[[[121.570093,25.05031],[121.570153,25.050281],[121.569903,25.049881],[121.569838,25.049907],[121.570093,25.05031]]]}},{"type":"Feature","properties":{"date":"2021/06/04","year":"2021","district":"松山區","depth":35,"level":"high","area":550.0,"addr":"松山區敦化北路155巷100弄"},"geometry":{"type":"Polygon","coordinates":[[[121.552131,25.054636],[121.55222,25.054638],[121.55223,25.054176],[121.552132,25.05418],[121.552131,25.054636]]]}},{"type":"Feature","properties":{"date":"2021/06/04","year":"2021","district":"松山區","depth":15,"level":"low","area":715.0,"addr":"松山區復興南路1段1-35號"},"geometry":{"type":"Polygon","coordinates":[[[121.544046,25.046279],[121.543978,25.046286],[121.543995,25.047021],[121.544063,25.047024],[121.544046,25.046279]]]}},{"type":"Feature","properties":{"date":"2021/06/04","year":"2021","district":"松山區","depth":20,"level":"medium","area":3600.0,"addr":"松山區南京東路4段45號"},"geometry":{"type":"Polygon","coordinates":[[[121.549895,25.05188],[121.551086,25.051845],[121.551077,25.05155],[121.549881,25.051584],[121.549895,25.05188]]]}},{"type":"Feature","properties":{"date":"2021/06/04","year":"2021","district":"信義區","depth":30,"level":"medium","area":4200.0,"addr":"信義區信義路6段一帶"},"geometry":{"type":"Polygon","coordinates":[[[121.574703,25.033752],[121.575447,25.034305],[121.575522,25.034213],[121.575422,25.034154],[121.575497,25.034114],[121.575576,25.034005],[121.575601,25.033936],[121.575564,25.032959],[121.575497,25.032967],[121.575535,25.033941],[121.575501,25.034018],[121.575437,25.034083],[121.575377,25.034113],[121.574976,25.033817],[121.575125,25.033636],[121.575145,25.032967],[121.575076,25.032963],[121.575064,25.033613],[121.574929,25.033778],[121.574718,25.033627],[121.574703,25.033752]]]}},{"type":"Feature","properties":{"date":"2021/06/04","year":"2021","district":"信義區","depth":15,"level":"low","area":6840.0,"addr":"信義區忠孝東路5段與基隆路1段交叉口"},"geometry":{"type":"Polygon","coordinates":[[[121.566088,25.041002],[121.564641,25.041051],[121.563557,25.039244],[121.563474,25.039243],[121.563949,25.040154],[121.563894,25.040183],[121.564621,25.041258],[121.56608,25.041237],[121.566088,25.041002]]]}},{"type":"Feature","properties":{"date":"2021/06/04","year":"2021","district":"信義區","depth":20,"level":"medium","area":2750.0,"addr":"信義區富陽街一帶"},"geometry":{"type":"Polygon","coordinates":[[[121.556571,25.021197],[121.55649,25.021181],[121.556319,25.022524],[121.55613,25.022513],[121.556149,25.022562],[121.556324,25.022585],[121.556238,25.023179],[121.556329,25.023192],[121.556437,25.022247],[121.556826,25.022351],[121.556838,25.022278],[121.556448,25.022183],[121.556571,25.021197]]]}},{"type":"Feature","properties":{"date":"2021/06/04","year":"2021","district":"信義區","depth":15,"level":"low","area":2610.0,"addr":"信義區仁愛路4段505號"},"geometry":{"type":"Polygon","coordinates":[[[121.557744,25.037887],[121.561417,25.037778],[121.561422,25.037662],[121.557735,25.03776],[121.557744,25.037887]]]}},{"type":"Feature","properties":{"date":"2021/06/04","year":"2021","district":"信義區","depth":20,"level":"medium","area":720.0,"addr":"信義區和平東路3段223號"},"geometry":{"type":"Polygon","coordinates":[[[121.553387,25.023572],[121.553499,25.023635],[121.554032,25.023133],[121.553921,25.023062],[121.553387,25.023572]]]}},{"type":"Feature","properties":{"date":"2021/06/04","year":"2021","district":"信義區","depth":30,"level":"medium","area":300.0,"addr":"信義區和平東路3段295號"},"geometry":{"type":"Polygon","coordinates":[[[121.555554,25.021568],[121.555226,25.021855],[121.555321,25.021944],[121.5555,25.021769],[121.555573,25.021824],[121.555624,25.021764],[121.555556,25.021709],[121.555634,25.021632],[121.555554,25.021568]]]}},{"type":"Feature","properties":{"date":"2021/06/04","year":"2021","district":"信義區","depth":20,"level":"medium","area":3780.0,"addr":"信義區吳興街220巷"},"geometry":{"type":"Polygon","coordinates":[[[121.561737,25.026525],[121.561659,25.026607],[121.563162,25.027792],[121.56384,25.026951],[121.563789,25.026898],[121.563168,25.027658],[121.561737,25.026525]]]}},{"type":"Feature","properties":{"date":"2021/06/04","year":"2021","district":"信義區","depth":15,"level":"low","area":240.0,"addr":"信義區吳興街600巷100弄"},"geometry":{"type":"Polygon","coordinates":[[[121.571367,25.018165],[121.571414,25.018182],[121.571453,25.018057],[121.571634,25.018018],[121.571496,25.018009],[121.571445,25.017893],[121.571407,25.018026],[121.571367,25.018165]]]}},{"type":"Feature","properties":{"date":"2021/06/04","year":"2021","district":"信義區","depth":15,"level":"low","area":245.0,"addr":"信義區吳興街600巷76弄"},"geometry":{"type":"Polygon","coordinates":[[[121.569284,25.017222],[121.569508,25.017383],[121.569552,25.017343],[121.569316,25.01719],[121.569284,25.017222]]]}},{"type":"Feature","properties":{"date":"2021/06/04","year":"2021","district":"信義區","depth":15,"level":"low","area":6300.0,"addr":"信義區吳興街284巷一帶"},"geometry":{"type":"Polygon","coordinates":[[[121.561696,25.023053],[121.561651,25.023104],[121.562649,25.023872],[121.562412,25.024135],[121.561433,25.023373],[121.561385,25.023433],[121.56235,25.024206],[121.562148,25.024425],[121.562202,25.024464],[121.562422,25.024239],[121.563149,25.024816],[121.562945,25.025037],[121.561383,25.023819],[121.561362,25.023875],[121.562895,25.025081],[121.562443,25.025544],[121.562889,25.025937],[121.562932,25.025885],[121.56254,25.025535],[121.563508,25.024557],[121.563433,25.024497],[121.563203,25.024772],[121.562473,25.024194],[121.562714,25.023924],[121.562901,25.024078],[121.562951,25.024027],[121.561696,25.023053]]]}},{"type":"Feature","properties":{"date":"2021/06/04","year":"2021","district":"信義區","depth":15,"level":"low","area":500.0,"addr":"信義區吳興街334號~488號"},"geometry":{"type":"Polygon","coordinates":[[[121.569233,25.023687],[121.569779,25.023409],[121.56975,25.023357],[121.569209,25.023635],[121.569233,25.023687]]]}},{"type":"Feature","properties":{"date":"2021/06/04","year":"2021","district":"信義區","depth":15,"level":"low","area":880.0,"addr":"信義區松仁路240巷"},"geometry":{"type":"Polygon","coordinates":[[[121.569042,25.024588],[121.569011,25.024654],[121.569437,25.024838],[121.569609,25.024503],[121.56953,25.024472],[121.569393,25.024733],[121.569042,25.024588]]]}},{"type":"Feature","properties":{"date":"2021/06/04","year":"2021","district":"南港區","depth":15,"level":"low","area":1800.0,"addr":"南港區福德街310巷56號"},"geometry":{"type":"Polygon","coordinates":[[[121.586724,25.041572],[121.586797,25.041586],[121.587043,25.041033],[121.587374,25.041201],[121.5874,25.041141],[121.587058,25.040976],[121.587293,25.040363],[121.587234,25.04035],[121.586724,25.041572]]]}},{"type":"Feature","properties":{"date":"2021/07/29","year":"2021","district":"士林區","depth":20,"level":"medium","area":3040.0,"addr":"士林區延平北路八段 111 巷 18 弄"},"geometry":{"type":"Polygon","coordinates":[[[121.483255,25.105957],[121.484037,25.105942],[121.484037,25.105942],[121.484138,25.105914],[121.484187,25.105892],[121.484465,25.105692],[121.485134,25.10513],[121.485045,25.105071],[121.484383,25.10562],[121.48413,25.105809],[121.484087,25.105829],[121.483981,25.105854],[121.483823,25.105848],[121.483941,25.105434],[121.483936,25.105066],[121.483883,25.105068],[121.483887,25.105423],[121.483768,25.105851],[121.483309,25.105862],[121.4833,25.105061],[121.483253,25.105103],[121.483255,25.105957]]]}},{"type":"Feature","properties":{"date":"2021/07/31","year":"2021","district":"士林區","depth":20,"level":"medium","area":3150.0,"addr":"士林區士東路228號至286巷"},"geometry":{"type":"Polygon","coordinates":[[[121.534617,25.112791],[121.534612,25.112878],[121.53533,25.112973],[121.537304,25.113456],[121.537324,25.113387],[121.535333,25.112883],[121.534617,25.112791]]]}},{"type":"Feature","properties":{"date":"2020/05/29","year":"2020","district":"文山區","depth":20,"level":"medium","area":3200.0,"addr":"木柵路2段與興隆路4段交叉口"},"geometry":{"type":"Polygon","coordinates":[[[121.560245,24.988814],[121.561016,24.988844],[121.561711,24.988926],[121.561712,24.989161],[121.561763,24.989153],[121.561811,24.988935],[121.562097,24.98895],[121.562118,24.988841],[121.560354,24.988632],[121.560245,24.988814]]]}},{"type":"Feature","properties":{"date":"2020/05/29","year":"2020","district":"文山區","depth":20,"level":"medium","area":1200.0,"addr":"再興中學"},"geometry":{"type":"Polygon","coordinates":[[[121.558643,24.99176],[121.55881,24.99178],[121.558968,24.991216],[121.559331,24.991341],[121.559341,24.991264],[121.559006,24.991126],[121.559334,24.990633],[121.559654,24.990157],[121.5594,24.990083],[121.559117,24.990507],[121.558812,24.99114],[121.558643,24.99176]]]}},{"type":"Feature","properties":{"date":"2020/05/29","year":"2020","district":"文山區","depth":15,"level":"low","area":2771.0,"addr":"興隆路3段211號前"},"geometry":{"type":"Polygon","coordinates":[[[121.559592,24.995238],[121.559816,24.995211],[121.559668,24.994408],[121.559438,24.993981],[121.559268,24.994032],[121.5595,24.994505],[121.559592,24.995238]]]}},{"type":"Feature","properties":{"date":"2020/05/29","year":"2020","district":"文山區","depth":25,"level":"medium","area":130.0,"addr":"木柵路2段7巷"},"geometry":{"type":"Polygon","coordinates":[[[121.559013,24.989046],[121.559082,24.989046],[121.55908,24.988825],[121.559,24.988826],[121.559013,24.989046]]]}},{"type":"Feature","properties":{"date":"2019/09/28","year":"2019","district":"信義區","depth":15,"level":"low","area":720.0,"addr":"信義路5段150巷351號至392號、松仁路253巷底周邊"},"geometry":{"type":"Polygon","coordinates":[[[121.570207,25.026179],[121.570377,25.025982],[121.57057,25.025497],[121.570602,25.02536],[121.570553,25.025341],[121.570518,25.025483],[121.570325,25.025962],[121.570119,25.025881],[121.570093,25.025929],[121.570237,25.026018],[121.570139,25.026142],[121.570207,25.026179]]]}},{"type":"Feature","properties":{"date":"2019/07/22","year":"2019","district":"大安區","depth":25,"level":"medium","area":38836.0,"addr":"大安森林公園新生南路二段20號"},"geometry":{"type":"Polygon","coordinates":[[[121.532445,25.03378],[121.53294,25.033792],[121.532921,25.033548],[121.535097,25.027114],[121.5347,25.027068],[121.532465,25.033527],[121.532445,25.03378]]]}},{"type":"Feature","properties":{"date":"2019/07/22","year":"2019","district":"大安區","depth":20,"level":"medium","area":187.0,"addr":"東豐街25號"},"geometry":{"type":"Polygon","coordinates":[[[121.545372,25.036137],[121.545773,25.036116],[121.545759,25.036045],[121.545363,25.036038],[121.545372,25.036137]]]}},{"type":"Feature","properties":{"date":"2019/07/22","year":"2019","district":"大安區","depth":30,"level":"medium","area":7388.0,"addr":"四維路整條與周邊巷道"},"geometry":{"type":"Polygon","coordinates":[[[121.54743,25.035574],[121.548535,25.035558],[121.548542,25.035479],[121.548183,25.035496],[121.548199,25.03512],[121.548603,25.035096],[121.548592,25.035032],[121.548184,25.03503],[121.548153,25.034306],[121.548571,25.034301],[121.548553,25.034229],[121.548125,25.034225],[121.54811,25.033838],[121.548027,25.033839],[121.548045,25.03423],[121.547234,25.034246],[121.547225,25.034311],[121.548051,25.034298],[121.548097,25.035043],[121.547407,25.035061],[121.547409,25.035131],[121.548103,25.035119],[121.548096,25.0355],[121.547424,25.035523],[121.54743,25.035574]]]}},{"type":"Feature","properties":{"date":"2019/07/22","year":"2019","district":"大安區","depth":20,"level":"medium","area":905.0,"addr":"和平東路二段265巷"},"geometry":{"type":"Polygon","coordinates":[[[121.544046,25.027696],[121.544109,25.027696],[121.544085,25.026517],[121.544014,25.02652],[121.544039,25.027201],[121.54386,25.027232],[121.54388,25.02728],[121.544043,25.027246],[121.544046,25.027696]]]}},{"type":"Feature","properties":{"date":"2019/07/22","year":"2019","district":"大安區","depth":30,"level":"medium","area":20549.0,"addr":"仁愛路四段-大安路一段(仁愛醫院旁邊大安路上)"},"geometry":{"type":"Polygon","coordinates":[[[121.543769,25.038213],[121.547162,25.038143],[121.547181,25.037675],[121.54377,25.037724],[121.543769,25.038213]]]}},{"type":"Feature","properties":{"date":"2019/07/22","year":"2019","district":"大安區","depth":30,"level":"medium","area":20549.0,"addr":"仁愛圓環東側"},"geometry":{"type":"Polygon","coordinates":[[[121.547877,25.038101],[121.551413,25.038041],[121.551399,25.037627],[121.547887,25.037639],[121.547877,25.038101]]]}},{"type":"Feature","properties":{"date":"2019/07/22","year":"2019","district":"大安區","depth":15,"level":"low","area":815.0,"addr":"忠孝東路四段216巷"},"geometry":{"type":"Polygon","coordinates":[[[121.552879,25.039898],[121.553032,25.039906],[121.55302,25.039393],[121.552883,25.039406],[121.552879,25.039898]]]}},{"type":"Feature","properties":{"date":"2019/07/22","year":"2019","district":"大安區","depth":30,"level":"medium","area":1981.0,"addr":"大安路一段31、51巷，敦化南路一段160巷"},"geometry":{"type":"Polygon","coordinates":[[[121.546757,25.04404],[121.547621,25.044029],[121.547593,25.043957],[121.547303,25.043959],[121.547307,25.043611],[121.547573,25.043607],[121.547551,25.043509],[121.547301,25.043522],[121.54727,25.043138],[121.547535,25.043135],[121.54755,25.043043],[121.547244,25.043055],[121.547244,25.042686],[121.547485,25.04267],[121.547451,25.042582],[121.54671,25.042605],[121.54671,25.042693],[121.547158,25.042679],[121.547169,25.043059],[121.54667,25.043081],[121.546669,25.043147],[121.54719,25.043128],[121.547189,25.043519],[121.546685,25.043536],[121.546691,25.043631],[121.547204,25.043611],[121.547191,25.04396],[121.546748,25.043979],[121.546757,25.04404]]]}},{"type":"Feature","properties":{"date":"2019/07/22","year":"2019","district":"大安區","depth":40,"level":"high","area":36290.0,"addr":"忠孝東路四段165號正對面"},"geometry":{"type":"Polygon","coordinates":[[[121.548061,25.041541],[121.55034,25.041487],[121.55035,25.041363],[121.549164,25.041357],[121.549144,25.040209],[121.549682,25.039759],[121.549491,25.039619],[121.549159,25.039881],[121.549168,25.039588],[121.548542,25.039617],[121.548515,25.041371],[121.548075,25.041384],[121.548061,25.041541]]]}},{"type":"Feature","properties":{"date":"2019/07/22","year":"2019","district":"大安區","depth":30,"level":"medium","area":817.0,"addr":"泰順街50巷"},"geometry":{"type":"Polygon","coordinates":[[[121.531261,25.023435],[121.531331,25.023431],[121.531319,25.023327],[121.531357,25.023324],[121.531357,25.023252],[121.5313,25.023252],[121.531299,25.022971],[121.531397,25.022953],[121.531379,25.022892],[121.531279,25.022893],[121.531238,25.022548],[121.531157,25.022549],[121.531164,25.022615],[121.530575,25.022707],[121.530587,25.02276],[121.531169,25.022676],[121.531186,25.022903],[121.530311,25.023122],[121.53019,25.023135],[121.530191,25.023179],[121.530325,25.023171],[121.531214,25.022963],[121.531226,25.023263],[121.530732,25.023391],[121.530745,25.023444],[121.531244,25.02333],[121.531261,25.023435]]]}},{"type":"Feature","properties":{"date":"2019/07/22","year":"2019","district":"大安區","depth":30,"level":"medium","area":231.0,"addr":"泰順街50巷"},"geometry":{"type":"Polygon","coordinates":[[[121.530035,25.02247],[121.531138,25.022369],[121.531126,25.022323],[121.530025,25.022412],[121.530035,25.02247]]]}},{"type":"Feature","properties":{"date":"2019/07/22","year":"2019","district":"大安區","depth":25,"level":"medium","area":37089.0,"addr":"基隆路4段"},"geometry":{"type":"Polygon","coordinates":[[[121.538842,25.012804],[121.545074,25.018069],[121.545419,25.017908],[121.544638,25.017253],[121.545782,25.016359],[121.545619,25.016176],[121.544373,25.017063],[121.542808,25.01573],[121.544672,25.013317],[121.544462,25.013178],[121.542584,25.015593],[121.539091,25.012564],[121.538842,25.012804]]]}},{"type":"Feature","properties":{"date":"2019/07/22","year":"2019","district":"中正區","depth":20,"level":"medium","area":4000.0,"addr":"忠孝東路二段101號"},"geometry":{"type":"Polygon","coordinates":[[[121.530004,25.043237],[121.532729,25.042563],[121.532692,25.042243],[121.529961,25.042957],[121.530004,25.043237]]]}},{"type":"Feature","properties":{"date":"2019/07/22","year":"2019","district":"中山區","depth":30,"level":"medium","area":408.0,"addr":"復興北路66號"},"geometry":{"type":"Polygon","coordinates":[[[121.543859,25.050779],[121.543949,25.050774],[121.543937,25.05048],[121.543846,25.050483],[121.543859,25.050779]]]}},{"type":"Feature","properties":{"date":"2019/07/22","year":"2019","district":"中山區","depth":20,"level":"medium","area":3046.0,"addr":"民權東路三段-建國北路二段"},"geometry":{"type":"Polygon","coordinates":[[[121.537279,25.06255],[121.538971,25.062511],[121.538937,25.0624],[121.537278,25.062389],[121.537279,25.06255]]]}},{"type":"Feature","properties":{"date":"2019/07/22","year":"2019","district":"中山區","depth":20,"level":"medium","area":812.0,"addr":"中山北路二段102號中國信託前面"},"geometry":{"type":"Polygon","coordinates":[[[121.522782,25.060278],[121.522867,25.06028],[121.522855,25.059843],[121.522739,25.059852],[121.522782,25.060278]]]}},{"type":"Feature","properties":{"date":"2019/07/22","year":"2019","district":"松山區","depth":15,"level":"low","area":6124.0,"addr":"小巨蛋斜對面"},"geometry":{"type":"Polygon","coordinates":[[[121.549256,25.051929],[121.550565,25.051854],[121.550552,25.051505],[121.54929,25.051538],[121.549256,25.051929]]]}},{"type":"Feature","properties":{"date":"2019/07/22","year":"2019","district":"松山區","depth":30,"level":"medium","area":197.0,"addr":"敦化北路201號"},"geometry":{"type":"Polygon","coordinates":[[[121.549237,25.05719],[121.549352,25.057201],[121.54936,25.056644],[121.549231,25.056658],[121.549227,25.056659],[121.549237,25.05719]]]}},{"type":"Feature","properties":{"date":"2019/07/22","year":"2019","district":"松山區","depth":20,"level":"medium","area":414.0,"addr":"南京東路三段256巷28弄19號"},"geometry":{"type":"Polygon","coordinates":[[[121.545036,25.04974],[121.545515,25.049741],[121.545503,25.049667],[121.54504,25.049669],[121.545036,25.049735],[121.545036,25.04974]]]}},{"type":"Feature","properties":{"date":"2019/07/21","year":"2019","district":"士林區","depth":30,"level":"medium","area":800.0,"addr":"延平北路8段111巷18弄12號"},"geometry":{"type":"Polygon","coordinates":[[[121.482836,25.105938],[121.482903,25.105935],[121.482848,25.105597],[121.483177,25.105576],[121.483217,25.105925],[121.483306,25.105932],[121.483256,25.105563],[121.483273,25.10551],[121.482825,25.105538],[121.482818,25.105296],[121.483282,25.105263],[121.483303,25.105205],[121.482752,25.105223],[121.482772,25.105551],[121.482836,25.105938]]]}},{"type":"Feature","properties":{"date":"2019/07/21","year":"2019","district":"士林區","depth":20,"level":"medium","area":600.0,"addr":"延平北路8段187巷1弄14號"},"geometry":{"type":"Polygon","coordinates":[[[121.481214,25.105957],[121.481282,25.105958],[121.481308,25.105639],[121.482035,25.105626],[121.482038,25.105583],[121.481304,25.105574],[121.481326,25.10529],[121.481259,25.105288],[121.481214,25.105957]]]}},{"type":"Feature","properties":{"date":"2019/07/21","year":"2019","district":"士林區","depth":20,"level":"medium","area":725.0,"addr":"延平北路8段157巷46弄16號"},"geometry":{"type":"Polygon","coordinates":[[[121.480586,25.103951],[121.480506,25.103985],[121.480765,25.104106],[121.48196,25.103974],[121.481955,25.103913],[121.480803,25.104032],[121.480586,25.103951]]]}},{"type":"Feature","properties":{"date":"2019/07/21","year":"2019","district":"士林區","depth":20,"level":"medium","area":3040.0,"addr":"延平北路8段至9段"},"geometry":{"type":"Polygon","coordinates":[[[121.481234,25.105934],[121.481219,25.10602],[121.484102,25.105937],[121.484833,25.105397],[121.484736,25.105342],[121.484069,25.105858],[121.481234,25.105934]]]}},{"type":"Feature","properties":{"date":"2019/07/21","year":"2019","district":"士林區","depth":20,"level":"medium","area":1250.0,"addr":"延平北路8段80巷"},"geometry":{"type":"Polygon","coordinates":[[[121.484462,25.106097],[121.485456,25.106313],[121.486001,25.106398],[121.486233,25.106491],[121.486314,25.106644],[121.486772,25.106706],[121.48676,25.106643],[121.48635,25.106599],[121.486298,25.10645],[121.486016,25.106332],[121.485471,25.106256],[121.484683,25.10609],[121.484501,25.106012],[121.484462,25.106097]]]}},{"type":"Feature","properties":{"date":"2019/07/21","year":"2019","district":"士林區","depth":20,"level":"medium","area":500.0,"addr":"延平北路8段96巷"},"geometry":{"type":"Polygon","coordinates":[[[121.483823,25.10594],[121.483749,25.105936],[121.48353,25.106816],[121.483467,25.107332],[121.483547,25.10734],[121.483601,25.106831],[121.483823,25.10594]]]}},{"type":"Feature","properties":{"date":"2019/07/21","year":"2019","district":"士林區","depth":20,"level":"medium","area":150.0,"addr":"延平北路9段48巷"},"geometry":{"type":"Polygon","coordinates":[[[121.475797,25.105927],[121.475718,25.105934],[121.47599,25.10624],[121.476039,25.106186],[121.475797,25.105927]]]}},{"type":"Feature","properties":{"date":"2019/07/21","year":"2019","district":"士林區","depth":20,"level":"medium","area":640.0,"addr":"延平北路9段66巷"},"geometry":{"type":"Polygon","coordinates":[[[121.475148,25.106027],[121.475071,25.106039],[121.475827,25.106817],[121.476195,25.107136],[121.47624,25.107092],[121.475872,25.106763],[121.475148,25.106027]]]}},{"type":"Feature","properties":{"date":"1998/10/15","year":"1998","district":"士林區","depth":40,"level":"high","area":2443.941629,"addr":"忠誠路1段16巷"},"geometry":{"type":"Polygon","coordinates":[[[121.526676,25.104249],[121.527466,25.104499],[121.527615,25.104246],[121.526675,25.104037],[121.526676,25.104249]]]}},{"type":"Feature","properties":{"date":"1997/08/18","year":"1997","district":"中山區","depth":60,"level":"high","area":4571.258196,"addr":"濱江街180巷"},"geometry":{"type":"Polygon","coordinates":[[[121.538295,25.072319],[121.538476,25.072318],[121.538438,25.070157],[121.538237,25.070208],[121.538295,25.072319]]]}},{"type":"Feature","properties":{"date":"1991/06/19","year":"1991","district":"松山區","depth":60,"level":"high","area":650.592312,"addr":"濱江街900號及7,8號水門"},"geometry":{"type":"Polygon","coordinates":[[[121.559981,25.071644],[121.56013,25.071644],[121.560128,25.071253],[121.559979,25.071253],[121.559981,25.071644]]]}},{"type":"Feature","properties":{"date":"2004/06/23","year":"2004","district":"大同區","depth":20,"level":"medium","area":401.472996,"addr":"承德路二段及民權西路交叉口（成淵高中附近）"},"geometry":{"type":"Polygon","coordinates":[[[121.518416,25.062686],[121.518636,25.062672],[121.518614,25.062504],[121.518429,25.062498],[121.518416,25.062686]]]}},{"type":"Feature","properties":{"date":"2004/09/11","year":"2004","district":"中山區","depth":30,"level":"medium","area":6267.971178,"addr":"北安路海軍總部"},"geometry":{"type":"Polygon","coordinates":[[[121.538824,25.077869],[121.538949,25.079468],[121.540145,25.079547],[121.540144,25.079373],[121.539247,25.079319],[121.539156,25.079229],[121.539087,25.077852],[121.538824,25.077869]]]}},{"type":"Feature","properties":{"date":"1999/08/10","year":"1999","district":"大同區","depth":20,"level":"medium","area":389.858125,"addr":"延平北路2段210巷"},"geometry":{"type":"Polygon","coordinates":[[[121.510668,25.059266],[121.511337,25.059281],[121.511346,25.05922],[121.510668,25.059223],[121.510668,25.059266]]]}},{"type":"Feature","properties":{"date":"2000/11/01","year":"2000","district":"文山區","depth":100,"level":"severe","area":551.53085,"addr":"育英街47巷附近"},"geometry":{"type":"Polygon","coordinates":[[[121.537756,24.992177],[121.537889,24.992168],[121.537721,24.991661],[121.537668,24.991711],[121.537756,24.992177]]]}},{"type":"Feature","properties":{"date":"2004/09/11","year":"2004","district":"文山區","depth":50,"level":"high","area":1057.921558,"addr":"興德路"},"geometry":{"type":"Polygon","coordinates":[[[121.555139,25.000857],[121.556255,25.001196],[121.556318,25.001222],[121.556371,25.0013],[121.55644,25.001282],[121.556367,25.001159],[121.556285,25.001129],[121.55534,25.000853],[121.555287,25.00077],[121.555241,25.000785],[121.555278,25.000836],[121.555159,25.000806],[121.555139,25.000857]]]}},{"type":"Feature","properties":{"date":"2004/09/11","year":"2004","district":"中山區","depth":30,"level":"medium","area":29399.574551,"addr":"敦化北路、長春街口"},"geometry":{"type":"Polygon","coordinates":[[[121.530023,25.048384],[121.530046,25.048564],[121.543861,25.048334],[121.54386,25.048134],[121.530023,25.048384]]]}},{"type":"Feature","properties":{"date":"1991/06/21","year":"1991","district":"中正區","depth":30,"level":"medium","area":1860.999164,"addr":"信義路2段金山南路口"},"geometry":{"type":"Polygon","coordinates":[[[121.527029,25.034277],[121.527438,25.034276],[121.527436,25.033869],[121.527027,25.03387],[121.527029,25.034277]]]}},{"type":"Feature","properties":{"date":"2004/06/23","year":"2004","district":"士林區","depth":25,"level":"medium","area":309.312891,"addr":"延平北路七段39巷"},"geometry":{"type":"Polygon","coordinates":[[[121.495969,25.095378],[121.495978,25.095411],[121.496197,25.095431],[121.49627,25.09546],[121.496229,25.095502],[121.496284,25.095551],[121.496333,25.095497],[121.496388,25.095538],[121.496443,25.095526],[121.496379,25.09546],[121.496433,25.095401],[121.496347,25.095364],[121.496301,25.095431],[121.496115,25.095398],[121.495969,25.095378]]]}},{"type":"Feature","properties":{"date":"1998/10/15","year":"1998","district":"士林區","depth":25,"level":"medium","area":4410.609734,"addr":"中山北路福林橋下"},"geometry":{"type":"Polygon","coordinates":[[[121.525862,25.10113],[121.526925,25.101126],[121.526923,25.100754],[121.52586,25.100758],[121.525862,25.10113]]]}},{"type":"Feature","properties":{"date":"1992/05/15","year":"1992","district":"中山區","depth":20,"level":"medium","area":1890.47755,"addr":"中山北路(錦州街至民權東路)東側"},"geometry":{"type":"Polygon","coordinates":[[[121.522687,25.062619],[121.522858,25.062604],[121.52308,25.061562],[121.522925,25.061562],[121.522687,25.062619]]]}},{"type":"Feature","properties":{"date":"2004/06/23","year":"2004","district":"松山區","depth":50,"level":"high","area":1506.48638,"addr":"濱江街180巷（機場旁道路）"},"geometry":{"type":"Polygon","coordinates":[[[121.538264,25.070105],[121.538582,25.070104],[121.53858,25.06967],[121.53827,25.069678],[121.538264,25.070105]]]}},{"type":"Feature","properties":{"date":"1999/06/17","year":"1999","district":"大安區","depth":25,"level":"medium","area":639.518558,"addr":"復興南路2段193巷,和平東路2段265巷口"},"geometry":{"type":"Polygon","coordinates":[[[121.543928,25.026648],[121.544176,25.026647],[121.544175,25.026417],[121.543927,25.026418],[121.543928,25.026648]]]}},{"type":"Feature","properties":{"date":"2004/09/11","year":"2004","district":"內湖區","depth":100,"level":"severe","area":10111.848132,"addr":"內溝溪上游段"},"geometry":{"type":"Polygon","coordinates":[[[121.624466,25.084242],[121.624265,25.084723],[121.624458,25.085016],[121.624783,25.085277],[121.62507,25.085199],[121.62532,25.085056],[121.625343,25.084795],[121.625293,25.084457],[121.625125,25.084196],[121.624729,25.084121],[121.624466,25.084242]]]}},{"type":"Feature","properties":{"date":"1999/06/17","year":"1999","district":"內湖區","depth":100,"level":"severe","area":1300.332196,"addr":"安康路56巷"},"geometry":{"type":"Polygon","coordinates":[[[121.597058,25.062138],[121.597249,25.062137],[121.597246,25.061529],[121.597055,25.061529],[121.597058,25.062138]]]}},{"type":"Feature","properties":{"date":"1999/08/10","year":"1999","district":"大同區","depth":35,"level":"high","area":3056.764379,"addr":"歸綏街117號至189號(承德路口)"},"geometry":{"type":"Polygon","coordinates":[[[121.512518,25.058119],[121.512506,25.058233],[121.514901,25.058401],[121.514105,25.058192],[121.512518,25.058119]]]}},{"type":"Feature","properties":{"date":"1998/10/15","year":"1998","district":"內湖區","depth":80,"level":"severe","area":726.446729,"addr":"康寧路3段250號附近安康路口"},"geometry":{"type":"Polygon","coordinates":[[[121.610914,25.065942],[121.611184,25.065941],[121.611183,25.0657],[121.610913,25.065701],[121.610914,25.065942]]]}},{"type":"Feature","properties":{"date":"1991/06/21","year":"1991","district":"士林區","depth":40,"level":"high","area":4568.749571,"addr":"延平北路6段150巷到155巷"},"geometry":{"type":"Polygon","coordinates":[[[121.506698,25.08973],[121.5075,25.089727],[121.507498,25.089217],[121.506696,25.08922],[121.506698,25.08973]]]}},{"type":"Feature","properties":{"date":"1999/06/17","year":"1999","district":"松山區","depth":40,"level":"high","area":1878.73202,"addr":"復興北路八德路長安東路"},"geometry":{"type":"Polygon","coordinates":[[[121.543761,25.048391],[121.544125,25.04839],[121.544123,25.047928],[121.543759,25.04793],[121.543761,25.048391]]]}},{"type":"Feature","properties":{"date":"1997/07/02","year":"1997","district":"松山區","depth":15,"level":"low","area":424.017687,"addr":"民生東路4段91號"},"geometry":{"type":"Polygon","coordinates":[[[121.551791,25.05808],[121.552106,25.058124],[121.552095,25.057979],[121.551791,25.05798],[121.551791,25.05808]]]}},{"type":"Feature","properties":{"date":"1999/08/10","year":"1999","district":"大同區","depth":30,"level":"medium","area":1041.529713,"addr":"赤峰街全線及71巷"},"geometry":{"type":"Polygon","coordinates":[[[121.519193,25.053848],[121.519578,25.054891],[121.519648,25.05489],[121.51925,25.053848],[121.519148,25.053404],[121.519086,25.053409],[121.519193,25.053848]]]}},{"type":"Feature","properties":{"date":"1996/09/28","year":"1996","district":"內湖區","depth":30,"level":"medium","area":24657.122323,"addr":"成功路2段200巷快樂村"},"geometry":{"type":"Polygon","coordinates":[[[121.587489,25.065313],[121.589982,25.064643],[121.589675,25.064054],[121.587483,25.064063],[121.587489,25.065313]]]}},{"type":"Feature","properties":{"date":"2000/06/20","year":"2000","district":"中正區","depth":25,"level":"medium","area":771.695216,"addr":"汀州路3段27巷後側防火巷內"},"geometry":{"type":"Polygon","coordinates":[[[121.526772,25.019411],[121.527454,25.019346],[121.527451,25.019239],[121.526782,25.019313],[121.526772,25.019411]]]}},{"type":"Feature","properties":{"date":"2000/11/01","year":"2000","district":"中正區","depth":50,"level":"high","area":211.101559,"addr":"水源路37巷"},"geometry":{"type":"Polygon","coordinates":[[[121.523453,25.019765],[121.523451,25.019638],[121.523334,25.01955],[121.523262,25.019614],[121.523453,25.019765]]]}},{"type":"Feature","properties":{"date":"1992/06/07","year":"1992","district":"士林區","depth":15,"level":"low","area":612.973956,"addr":"雨聲街15巷"},"geometry":{"type":"Polygon","coordinates":[[[121.52855,25.100998],[121.529277,25.10126],[121.529304,25.101199],[121.528572,25.100927],[121.52855,25.100998]]]}},{"type":"Feature","properties":{"date":"1998/06/23","year":"1998","district":"士林區","depth":20,"level":"medium","area":2283.452127,"addr":"福港街承德路口"},"geometry":{"type":"Polygon","coordinates":[[[121.518111,25.090207],[121.518623,25.090205],[121.518621,25.089805],[121.51811,25.089807],[121.518111,25.090207]]]}},{"type":"Feature","properties":{"date":"1999/06/17","year":"1999","district":"松山區","depth":20,"level":"medium","area":2861.14615,"addr":"南京東路4段1至100號"},"geometry":{"type":"Polygon","coordinates":[[[121.552635,25.051813],[121.554373,25.051812],[121.554372,25.05166],[121.552629,25.051671],[121.552635,25.051813]]]}},{"type":"Feature","properties":{"date":"2004/09/11","year":"2004","district":"南港區","depth":150,"level":"severe","area":2440.917422,"addr":"南深橋（研究院路一、二段）交界處"},"geometry":{"type":"Polygon","coordinates":[[[121.615835,25.047706],[121.615965,25.048076],[121.616011,25.048282],[121.616034,25.0482],[121.616425,25.048033],[121.616212,25.047588],[121.615835,25.047706]]]}},{"type":"Feature","properties":{"date":"1999/08/10","year":"1999","district":"大同區","depth":25,"level":"medium","area":7805.663069,"addr":"重慶北路3段民族西路酒泉街附近"},"geometry":{"type":"Polygon","coordinates":[[[121.513639,25.072007],[121.513943,25.072006],[121.513933,25.069705],[121.513629,25.069706],[121.513639,25.072007]]]}},{"type":"Feature","properties":{"date":"2004/09/11","year":"2004","district":"內湖區","depth":100,"level":"severe","area":3146.537734,"addr":"內溝溪上游段"},"geometry":{"type":"Polygon","coordinates":[[[121.624406,25.081812],[121.624228,25.08215],[121.624385,25.082313],[121.624696,25.082345],[121.624899,25.082289],[121.62491,25.082038],[121.624717,25.08181],[121.624406,25.081812]]]}},{"type":"Feature","properties":{"date":"1998/10/15","year":"1998","district":"文山區","depth":30,"level":"medium","area":859.20367,"addr":"溪洲街135巷9弄27號"},"geometry":{"type":"Polygon","coordinates":[[[121.534969,25.006159],[121.535268,25.006158],[121.535267,25.005901],[121.534968,25.005902],[121.534969,25.006159]]]}},{"type":"Feature","properties":{"date":"1997/09/04","year":"1997","district":"文山區","depth":15,"level":"low","area":945.408983,"addr":"福興路63巷4弄"},"geometry":{"type":"Polygon","coordinates":[[[121.549098,25.004525],[121.549203,25.004525],[121.549381,25.003636],[121.549298,25.003627],[121.549098,25.004525]]]}},{"type":"Feature","properties":{"date":"2004/08/24","year":"2004","district":"士林區","depth":30,"level":"medium","area":159.689085,"addr":"延平北路九段1號"},"geometry":{"type":"Polygon","coordinates":[[[121.477778,25.105939],[121.477778,25.105877],[121.477666,25.105878],[121.477586,25.105803],[121.477546,25.105829],[121.477642,25.105938],[121.477778,25.105939]]]}},{"type":"Feature","properties":{"date":"1999/07/02","year":"1999","district":"文山區","depth":50,"level":"high","area":644.752327,"addr":"木新路2,3段保儀路一帶"},"geometry":{"type":"Polygon","coordinates":[[[121.565574,24.983098],[121.565848,24.983097],[121.565847,24.982887],[121.565573,24.982888],[121.565574,24.983098]]]}},{"type":"Feature","properties":{"date":"2001/09/17","year":"2001","district":"內湖區","depth":110,"level":"severe","area":887881.197142,"addr":"環山路、港墘路、金龍路、成功路3段、內湖路2、3段"},"geometry":{"type":"Polygon","coordinates":[[[121.578502,25.083845],[121.578715,25.08423],[121.579615,25.084515],[121.581465,25.084508],[121.58416,25.084449],[121.585479,25.084011],[121.58845,25.086501],[121.589979,25.085725],[121.593409,25.084701],[121.594569,25.084119],[121.593351,25.08345],[121.58921,25.079664],[121.588415,25.07909],[121.583763,25.078723],[121.579958,25.078738],[121.578321,25.079081],[121.578487,25.080573],[121.578759,25.082304],[121.578502,25.083845]]]}},{"type":"Feature","properties":{"date":"1998/06/23","year":"1998","district":"中山區","depth":30,"level":"medium","area":2784.550881,"addr":"松江路民生東路口地下道"},"geometry":{"type":"Polygon","coordinates":[[[121.532863,25.058173],[121.533359,25.058172],[121.533357,25.05767],[121.532861,25.057671],[121.532863,25.058173]]]}},{"type":"Feature","properties":{"date":"1994/10/10","year":"1994","district":"士林區","depth":30,"level":"medium","area":4032.145619,"addr":"延平北路8段79至201號"},"geometry":{"type":"Polygon","coordinates":[[[121.480427,25.105996],[121.483973,25.105984],[121.483972,25.105882],[121.480427,25.105894],[121.480427,25.105996]]]}},{"type":"Feature","properties":{"date":"2003/06/20","year":"2003","district":"文山區","depth":20,"level":"medium","area":20496.739523,"addr":"保儀路、木新路口"},"geometry":{"type":"Polygon","coordinates":[[[121.564342,24.982463],[121.564413,24.98263],[121.564402,24.98263],[121.56489,24.982742],[121.564783,24.983162],[121.565591,24.98342],[121.565479,24.983815],[121.565453,24.984062],[121.565623,24.984397],[121.566341,24.984118],[121.5662,24.983921],[121.56647,24.983752],[121.566588,24.983564],[121.566721,24.983179],[121.565377,24.98271],[121.565564,24.982226],[121.565531,24.982187],[121.565488,24.982202],[121.565285,24.982691],[121.564342,24.982463]]]}},{"type":"Feature","properties":{"date":"1999/06/17","year":"1999","district":"中山區","depth":30,"level":"medium","area":1937.817479,"addr":"長安東路2段(復興北路至遼寧街)"},"geometry":{"type":"Polygon","coordinates":[[[121.542148,25.048363],[121.543382,25.048358],[121.543381,25.048218],[121.542147,25.048222],[121.542148,25.048363]]]}},{"type":"Feature","properties":{"date":"2000/11/01","year":"2000","district":"文山區","depth":50,"level":"high","area":376.922408,"addr":"興隆路3段304巷123號"},"geometry":{"type":"Polygon","coordinates":[[[121.556154,24.995805],[121.556245,24.995797],[121.556252,24.995427],[121.556158,24.995447],[121.556154,24.995805]]]}},{"type":"Feature","properties":{"date":"1997/06/04","year":"1997","district":"中山區","depth":20,"level":"medium","area":4488.695291,"addr":"松江路建國北路口"},"geometry":{"type":"Polygon","coordinates":[[[121.532797,25.068502],[121.533544,25.068499],[121.533541,25.067962],[121.532794,25.067964],[121.532797,25.068502]]]}},{"type":"Feature","properties":{"date":"2000/11/01","year":"2000","district":"文山區","depth":100,"level":"severe","area":348.895602,"addr":"指南路3段2巷14號"},"geometry":{"type":"Polygon","coordinates":[[[121.579424,24.983215],[121.579472,24.983284],[121.579849,24.982949],[121.579773,24.982948],[121.579424,24.983215]]]}},{"type":"Feature","properties":{"date":"1998/08/28","year":"1998","district":"大同區","depth":35,"level":"high","area":2739.663874,"addr":"重慶北路長安西路口"},"geometry":{"type":"Polygon","coordinates":[[[121.513613,25.051832],[121.51421,25.05183],[121.514208,25.051419],[121.513612,25.051421],[121.513613,25.051832]]]}},{"type":"Feature","properties":{"date":"2001/09/17","year":"2001","district":"文山區","depth":300,"level":"severe","area":50291.137624,"addr":"新光路3段"},"geometry":{"type":"Polygon","coordinates":[[[121.584892,25.001747],[121.585176,25.002259],[121.586112,25.001999],[121.585827,25.00106],[121.58582,24.999693],[121.585441,24.998754],[121.58469,24.998672],[121.58432,24.999699],[121.584324,25.000553],[121.584421,25.001322],[121.584892,25.001747]]]}},{"type":"Feature","properties":{"date":"1998/10/15","year":"1998","district":"士林區","depth":30,"level":"medium","area":5831.086741,"addr":"福港街"},"geometry":{"type":"Polygon","coordinates":[[[121.51808,25.088625],[121.518202,25.088625],[121.517796,25.085942],[121.517529,25.085949],[121.51808,25.088625]]]}},{"type":"Feature","properties":{"date":"2001/07/17","year":"2001","district":"北投區","depth":50,"level":"high","area":440.482603,"addr":"中央南路2段110號附近"},"geometry":{"type":"Polygon","coordinates":[[[121.500134,25.12179],[121.500208,25.121801],[121.500207,25.12128],[121.500127,25.121284],[121.500134,25.12179]]]}},{"type":"Feature","properties":{"date":"2004/09/11","year":"2004","district":"中山區","depth":30,"level":"medium","area":72831.489557,"addr":"松江路139及140號一帶"},"geometry":{"type":"Polygon","coordinates":[[[121.528147,25.051934],[121.52828,25.052127],[121.532765,25.052111],[121.532824,25.053537],[121.533196,25.05356],[121.533163,25.052158],[121.547917,25.051911],[121.547889,25.051573],[121.528147,25.051934]]]}},{"type":"Feature","properties":{"date":"1998/08/06","year":"1998","district":"大同區","depth":15,"level":"low","area":1865.795112,"addr":"重慶北路三段243巷"},"geometry":{"type":"Polygon","coordinates":[[[121.514045,25.071307],[121.515706,25.071301],[121.515706,25.071201],[121.514044,25.071207],[121.514045,25.071307]]]}},{"type":"Feature","properties":{"date":"1998/10/15","year":"1998","district":"松山區","depth":20,"level":"medium","area":1052.326967,"addr":"光復北路155巷"},"geometry":{"type":"Polygon","coordinates":[[[121.555883,25.05544],[121.55723,25.055598],[121.557242,25.055531],[121.555896,25.055371],[121.555883,25.05544]]]}},{"type":"Feature","properties":{"date":"1998/10/15","year":"1998","district":"松山區","depth":15,"level":"low","area":803.305688,"addr":"五常街370巷12弄,48弄"},"geometry":{"type":"Polygon","coordinates":[[[121.54529,25.0645],[121.545702,25.064498],[121.545702,25.064324],[121.545289,25.064325],[121.54529,25.0645]]]}},{"type":"Feature","properties":{"date":"1998/10/15","year":"1998","district":"南港區","depth":15,"level":"low","area":4208.117202,"addr":"忠孝東路6段146巷東新街口"},"geometry":{"type":"Polygon","coordinates":[[[121.584757,25.048352],[121.585479,25.048349],[121.585476,25.047827],[121.584754,25.04783],[121.584757,25.048352]]]}},{"type":"Feature","properties":{"date":"1999/08/10","year":"1999","district":"大同區","depth":35,"level":"high","area":279.842217,"addr":"延平北路4段102巷"},"geometry":{"type":"Polygon","coordinates":[[[121.510765,25.071773],[121.51099,25.071773],[121.51099,25.071661],[121.510765,25.071662],[121.510765,25.071773]]]}},{"type":"Feature","properties":{"date":"2004/08/24","year":"2004","district":"文山區","depth":55,"level":"high","area":26081.67462,"addr":"木柵路四段、軍功路一帶"},"geometry":{"type":"Polygon","coordinates":[[[121.575565,25.001067],[121.575825,25.001698],[121.575969,25.001514],[121.575867,25.001107],[121.575698,25.000975],[121.575753,25.000751],[121.575561,25.000394],[121.575693,24.999874],[121.576444,25.000167],[121.576488,24.999973],[121.575895,24.999843],[121.57576,24.999711],[121.575083,24.998622],[121.574375,24.99786],[121.574464,24.997778],[121.574385,24.997707],[121.574307,24.997769],[121.573915,24.997515],[121.573747,24.997598],[121.574051,24.997882],[121.573895,24.998025],[121.574142,24.998289],[121.574354,24.998085],[121.574511,24.998206],[121.57409,24.999085],[121.573933,24.999004],[121.573888,24.999075],[121.574045,24.999177],[121.573968,24.999371],[121.574506,24.999562],[121.574373,24.99995],[121.574195,25.000094],[121.57396,25.000125],[121.573804,25.000197],[121.573726,25.000279],[121.573705,25.000463],[121.573571,25.000575],[121.57356,25.000626],[121.573751,25.000748],[121.573684,25.000789],[121.573751,25.00084],[121.573862,25.000656],[121.573805,25.000381],[121.573838,25.000238],[121.574061,25.000156],[121.574285,25.000134],[121.574441,24.999991],[121.574551,24.999664],[121.574728,24.999235],[121.574972,24.998725],[121.575141,24.99903],[121.575344,24.999325],[121.575177,24.999458],[121.574818,24.999296],[121.574807,24.999357],[121.57545,25.000425],[121.57563,25.00072],[121.575351,25.000823],[121.575565,25.001067]]]}},{"type":"Feature","properties":{"date":"2000/11/01","year":"2000","district":"南港區","depth":100,"level":"severe","area":1035.390661,"addr":"富康街1巷24號(誠正國中)一帶"},"geometry":{"type":"Polygon","coordinates":[[[121.619088,25.054337],[121.619085,25.054455],[121.619917,25.054488],[121.619929,25.054385],[121.619088,25.054337]]]}},{"type":"Feature","properties":{"date":"1993/07/26","year":"1993","district":"大安區","depth":20,"level":"medium","area":9179.622291,"addr":"忠孝東路三段（台北工專門口～新生南路口）"},"geometry":{"type":"Polygon","coordinates":[[[121.53544,25.042146],[121.535431,25.041815],[121.532721,25.042218],[121.532747,25.04249],[121.53544,25.042146]]]}},{"type":"Feature","properties":{"date":"1991/06/21","year":"1991","district":"士林區","depth":25,"level":"medium","area":882.060447,"addr":"中山北路6段405巷"},"geometry":{"type":"Polygon","coordinates":[[[121.5239,25.117233],[121.525106,25.116308],[121.52505,25.116284],[121.52391,25.117157],[121.5239,25.117233]]]}},{"type":"Feature","properties":{"date":"1993/07/26","year":"1993","district":"大安區","depth":20,"level":"medium","area":3423.206223,"addr":"和平東路二段265巷"},"geometry":{"type":"Polygon","coordinates":[[[121.544024,25.028334],[121.544134,25.028338],[121.544055,25.024948],[121.543984,25.024948],[121.544024,25.028334]]]}},{"type":"Feature","properties":{"date":"1993/07/26","year":"1993","district":"大安區","depth":15,"level":"low","area":6390.00332,"addr":"仁愛路四段南側（延吉街～光復南路)"},"geometry":{"type":"Polygon","coordinates":[[[121.558183,25.037709],[121.558178,25.03754],[121.555298,25.037516],[121.555294,25.037743],[121.558183,25.037709]]]}},{"type":"Feature","properties":{"date":"1998/10/15","year":"1998","district":"士林區","depth":30,"level":"medium","area":1237.139013,"addr":"前街21巷"},"geometry":{"type":"Polygon","coordinates":[[[121.525018,25.098137],[121.525178,25.098136],[121.525175,25.097442],[121.525016,25.097443],[121.525018,25.098137]]]}},{"type":"Feature","properties":{"date":"2004/09/11","year":"2004","district":"南港區","depth":30,"level":"medium","area":6354.936806,"addr":"東新街"},"geometry":{"type":"Polygon","coordinates":[[[121.593301,25.04735],[121.594178,25.04769],[121.594019,25.046782],[121.593486,25.046653],[121.593301,25.04735]]]}},{"type":"Feature","properties":{"date":"1998/06/23","year":"1998","district":"中正區","depth":15,"level":"low","area":761.44775,"addr":"開封街重慶南路口"},"geometry":{"type":"Polygon","coordinates":[[[121.513087,25.046105],[121.513391,25.046104],[121.51339,25.04588],[121.513086,25.045881],[121.513087,25.046105]]]}},{"type":"Feature","properties":{"date":"1998/10/25","year":"1998","district":"中山區","depth":30,"level":"medium","area":870.188162,"addr":"中原街長春路口"},"geometry":{"type":"Polygon","coordinates":[[[121.528699,25.055091],[121.528986,25.05509],[121.528984,25.054819],[121.528697,25.05482],[121.528699,25.055091]]]}},{"type":"Feature","properties":{"date":"1998/10/25","year":"1998","district":"北投區","depth":30,"level":"medium","area":255.913146,"addr":"文林北路53巷135弄10號"},"geometry":{"type":"Polygon","coordinates":[[[121.517381,25.10087],[121.517433,25.10089],[121.517564,25.10053],[121.517514,25.100491],[121.517381,25.10087]]]}},{"type":"Feature","properties":{"date":"1998/04/13","year":"1998","district":"松山區","depth":15,"level":"low","area":943.354206,"addr":"八德路3段203205號前"},"geometry":{"type":"Polygon","coordinates":[[[121.55631,25.048226],[121.556652,25.048225],[121.556651,25.047978],[121.556308,25.04798],[121.55631,25.048226]]]}},{"type":"Feature","properties":{"date":"2000/11/01","year":"2000","district":"南港區","depth":60,"level":"high","area":1126.927706,"addr":"興中路28巷附近"},"geometry":{"type":"Polygon","coordinates":[[[121.606855,25.055575],[121.606849,25.055462],[121.606026,25.055313],[121.605983,25.055431],[121.606855,25.055575]]]}},{"type":"Feature","properties":{"date":"1998/10/25","year":"1998","district":"中山區","depth":20,"level":"medium","area":761.459704,"addr":"四平街1至20號"},"geometry":{"type":"Polygon","coordinates":[[[121.530251,25.053727],[121.530944,25.053724],[121.530944,25.053626],[121.53025,25.053628],[121.530251,25.053727]]]}},{"type":"Feature","properties":{"date":"1997/07/02","year":"1997","district":"中山區","depth":30,"level":"medium","area":682.816899,"addr":"大直街46巷"},"geometry":{"type":"Polygon","coordinates":[[[121.54537,25.08212],[121.546265,25.082151],[121.54627,25.082081],[121.54537,25.082055],[121.54537,25.08212]]]}},{"type":"Feature","properties":{"date":"2004/10/25","year":"2004","district":"內湖區","depth":20,"level":"medium","area":1057.095414,"addr":"大湖山莊街243巷"},"geometry":{"type":"MultiPolygon","coordinates":[[[[121.59916,25.090837],[121.599213,25.090928],[121.599271,25.090976],[121.599453,25.091041],[121.599535,25.091123],[121.599469,25.091193],[121.59947,25.091459],[121.599418,25.091555],[121.599451,25.091564],[121.599484,25.091503],[121.599522,25.09162],[121.599566,25.091612],[121.599518,25.091411],[121.599517,25.091197],[121.599564,25.091154],[121.599602,25.091105],[121.59953,25.091018],[121.599242,25.090906],[121.599241,25.090749],[121.599265,25.090609],[121.599226,25.090479],[121.599273,25.090413],[121.599397,25.090299],[121.599535,25.090155],[121.59953,25.090098],[121.599449,25.090168],[121.599387,25.090273],[121.599287,25.090361],[121.599168,25.090414],[121.599178,25.090488],[121.599212,25.090588],[121.599198,25.090762],[121.59916,25.090837]]],[[[121.599519,25.09162],[121.599523,25.091625],[121.599522,25.09162],[121.599519,25.09162]]]]}},{"type":"Feature","properties":{"date":"2000/11/01","year":"2000","district":"南港區","depth":100,"level":"severe","area":2982.496991,"addr":"研究院路1段130巷"},"geometry":{"type":"Polygon","coordinates":[[[121.615755,25.049144],[121.615855,25.048895],[121.614844,25.048739],[121.614819,25.049019],[121.615755,25.049144]]]}},{"type":"Feature","properties":{"date":"1999/08/25","year":"1999","district":"中正區","depth":30,"level":"medium","area":1578.948094,"addr":"公保大樓前"},"geometry":{"type":"Polygon","coordinates":[[[121.517213,25.044924],[121.517111,25.044584],[121.516954,25.044668],[121.517134,25.045063],[121.51778,25.044949],[121.517743,25.0448],[121.517213,25.044924]]]}},{"type":"Feature","properties":{"date":"1998/10/15","year":"1998","district":"文山區","depth":30,"level":"medium","area":381.8156,"addr":"羅斯福路5段92巷5號"},"geometry":{"type":"Polygon","coordinates":[[[121.538333,25.007081],[121.538561,25.00708],[121.53856,25.00693],[121.538333,25.006931],[121.538333,25.007081]]]}},{"type":"Feature","properties":{"date":"1999/06/17","year":"1999","district":"松山區","depth":30,"level":"medium","area":3209.085153,"addr":"民生東路4段56巷"},"geometry":{"type":"Polygon","coordinates":[[[121.551481,25.05781],[121.551735,25.057809],[121.55173,25.056678],[121.551476,25.056679],[121.551481,25.05781]]]}},{"type":"Feature","properties":{"date":"1998/10/25","year":"1998","district":"中山區","depth":20,"level":"medium","area":786.699415,"addr":"吉林路154巷"},"geometry":{"type":"Polygon","coordinates":[[[121.528993,25.05652],[121.53007,25.056516],[121.53007,25.056451],[121.528993,25.056455],[121.528993,25.05652]]]}},{"type":"Feature","properties":{"date":"2004/09/11","year":"2004","district":"南港區","depth":20,"level":"medium","area":1527.304511,"addr":"忠孝東路七段"},"geometry":{"type":"Polygon","coordinates":[[[121.605183,25.051789],[121.606082,25.051892],[121.606117,25.051753],[121.605209,25.051634],[121.605183,25.051789]]]}},{"type":"Feature","properties":{"date":"1998/04/13","year":"1998","district":"大安區","depth":30,"level":"medium","area":2455.338119,"addr":"敦化南路1段177巷"},"geometry":{"type":"Polygon","coordinates":[[[121.549242,25.043574],[121.551323,25.043566],[121.551323,25.04346],[121.549241,25.043468],[121.549242,25.043574]]]}},{"type":"Feature","properties":{"date":"1993/07/26","year":"1993","district":"中正區","depth":25,"level":"medium","area":1521.552741,"addr":"漢口街一帶"},"geometry":{"type":"Polygon","coordinates":[[[121.511033,25.045194],[121.511038,25.045118],[121.50945,25.045139],[121.509456,25.045235],[121.511033,25.045194]]]}},{"type":"Feature","properties":{"date":"1998/06/23","year":"1998","district":"中山區","depth":25,"level":"medium","area":1675.032593,"addr":"中山北路撫順街口"},"geometry":{"type":"Polygon","coordinates":[[[121.522085,25.064004],[121.522566,25.064003],[121.522564,25.063691],[121.522084,25.063693],[121.522085,25.064004]]]}},{"type":"Feature","properties":{"date":"1999/08/25","year":"1999","district":"中山區","depth":30,"level":"medium","area":1354.405288,"addr":"中山北路錦西街口"},"geometry":{"type":"Polygon","coordinates":[[[121.52268,25.060469],[121.523082,25.060468],[121.523081,25.060167],[121.522679,25.060168],[121.52268,25.060469]]]}},{"type":"Feature","properties":{"date":"1999/06/17","year":"1999","district":"大安區","depth":50,"level":"high","area":1285.977546,"addr":"四維路44巷"},"geometry":{"type":"Polygon","coordinates":[[[121.546089,25.035627],[121.547284,25.035623],[121.547284,25.035527],[121.546088,25.035531],[121.546089,25.035627]]]}},{"type":"Feature","properties":{"date":"1999/07/02","year":"1999","district":"文山區","depth":30,"level":"medium","area":592.071835,"addr":"新光路2段74巷24號前一帶"},"geometry":{"type":"Polygon","coordinates":[[[121.595954,24.992221],[121.596218,24.99222],[121.596217,24.99202],[121.595953,24.992021],[121.595954,24.992221]]]}},{"type":"Feature","properties":{"date":"2000/11/01","year":"2000","district":"內湖區","depth":100,"level":"severe","area":695711.456645,"addr":"南港橋往西至中南街口"},"geometry":{"type":"Polygon","coordinates":[[[121.61235,25.062629],[121.612533,25.063376],[121.612784,25.063603],[121.615605,25.063461],[121.616817,25.062968],[121.618671,25.062147],[121.619666,25.061037],[121.620907,25.059372],[121.621543,25.057873],[121.621077,25.057647],[121.618742,25.054956],[121.616494,25.055356],[121.615208,25.055458],[121.613635,25.055237],[121.611797,25.059149],[121.610985,25.060975],[121.611882,25.061915],[121.61235,25.062629]]]}},{"type":"Feature","properties":{"date":"1998/06/23","year":"1998","district":"大同區","depth":30,"level":"medium","area":2874.16234,"addr":"承德路酒泉街至圓山捷運站"},"geometry":{"type":"Polygon","coordinates":[[[121.518093,25.070934],[121.518707,25.070932],[121.518705,25.070512],[121.518092,25.070515],[121.518093,25.070934]]]}},{"type":"Feature","properties":{"date":"1999/06/17","year":"1999","district":"信義區","depth":30,"level":"medium","area":1369.233954,"addr":"信義路6段15巷"},"geometry":{"type":"Polygon","coordinates":[[[121.575158,25.036345],[121.575214,25.036344],[121.57517,25.034502],[121.575093,25.034512],[121.575158,25.036345]]]}},{"type":"Feature","properties":{"date":"1998/10/15","year":"1998","district":"士林區","depth":20,"level":"medium","area":620.808146,"addr":"中山北路7段114巷36弄"},"geometry":{"type":"Polygon","coordinates":[[[121.534729,25.122735],[121.535274,25.122733],[121.535274,25.122631],[121.534729,25.122633],[121.534729,25.122735]]]}},{"type":"Feature","properties":{"date":"2000/11/01","year":"2000","district":"南港區","depth":30,"level":"medium","area":177.713329,"addr":"舊莊街2段324巷"},"geometry":{"type":"Polygon","coordinates":[[[121.661289,25.026768],[121.661345,25.02683],[121.661497,25.026685],[121.661459,25.026631],[121.661289,25.026768]]]}},{"type":"Feature","properties":{"date":"1998/04/13","year":"1998","district":"中山區","depth":30,"level":"medium","area":906.261561,"addr":"長安東路遼寧街口"},"geometry":{"type":"Polygon","coordinates":[[[121.541962,25.04844],[121.542263,25.048439],[121.542261,25.048169],[121.541961,25.04817],[121.541962,25.04844]]]}},{"type":"Feature","properties":{"date":"1991/06/21","year":"1991","district":"南港區","depth":40,"level":"high","area":889.712097,"addr":"南港路3段31號"},"geometry":{"type":"Polygon","coordinates":[[[121.591048,25.053995],[121.591445,25.053993],[121.591444,25.053792],[121.591047,25.053794],[121.591048,25.053995]]]}},{"type":"Feature","properties":{"date":"1998/07/11","year":"1998","district":"中山區","depth":30,"level":"medium","area":4212.269755,"addr":"中山北路民生東路口"},"geometry":{"type":"Polygon","coordinates":[[[121.52245,25.058166],[121.523131,25.058164],[121.523129,25.05761],[121.522448,25.057613],[121.52245,25.058166]]]}},{"type":"Feature","properties":{"date":"2004/06/23","year":"2004","district":"中山區","depth":30,"level":"medium","area":2617.733876,"addr":"新生高架下圓山"},"geometry":{"type":"Polygon","coordinates":[[[121.54107,25.066043],[121.542712,25.066026],[121.542711,25.06589],[121.541045,25.065896],[121.54107,25.066043]]]}},{"type":"Feature","properties":{"date":"1998/07/11","year":"1998","district":"北投區","depth":50,"level":"high","area":1450.962259,"addr":"公館路安西街口"},"geometry":{"type":"Polygon","coordinates":[[[121.502588,25.121631],[121.502963,25.12163],[121.502961,25.121283],[121.502586,25.121285],[121.502588,25.121631]]]}},{"type":"Feature","properties":{"date":"1997/06/04","year":"1997","district":"士林區","depth":50,"level":"high","area":6217.368826,"addr":"延平北路8段93巷至187巷"},"geometry":{"type":"Polygon","coordinates":[[[121.481228,25.105989],[121.483811,25.105954],[121.483811,25.105751],[121.481242,25.105759],[121.481228,25.105989]]]}},{"type":"Feature","properties":{"date":"1998/08/06","year":"1998","district":"大同區","depth":25,"level":"medium","area":3947.496563,"addr":"重慶北路(民族西路口)"},"geometry":{"type":"Polygon","coordinates":[[[121.513363,25.068858],[121.514146,25.068856],[121.514144,25.068404],[121.513361,25.068407],[121.513363,25.068858]]]}},{"type":"Feature","properties":{"date":"1999/06/17","year":"1999","district":"大安區","depth":30,"level":"medium","area":694.538496,"addr":"大安路一段157巷"},"geometry":{"type":"Polygon","coordinates":[[[121.546124,25.037252],[121.547005,25.037248],[121.547004,25.037178],[121.546124,25.037181],[121.546124,25.037252]]]}},{"type":"Feature","properties":{"date":"1999/06/17","year":"1999","district":"信義區","depth":30,"level":"medium","area":7065.440222,"addr":"基隆路1段舊正氣橋下"},"geometry":{"type":"Polygon","coordinates":[[[121.569591,25.050096],[121.569866,25.04999],[121.568788,25.048168],[121.568519,25.048329],[121.569591,25.050096]]]}},{"type":"Feature","properties":{"date":"1998/08/28","year":"1998","district":"大同區","depth":15,"level":"low","area":2831.337418,"addr":"延平北路四段"},"geometry":{"type":"Polygon","coordinates":[[[121.511344,25.073866],[121.51152,25.073835],[121.511228,25.072472],[121.511046,25.072508],[121.511344,25.073866]]]}},{"type":"Feature","properties":{"date":"1999/06/17","year":"1999","district":"松山區","depth":30,"level":"medium","area":946.756581,"addr":"民生東路4段55巷"},"geometry":{"type":"Polygon","coordinates":[[[121.550485,25.058749],[121.550571,25.058749],[121.550551,25.05792],[121.550432,25.05792],[121.550485,25.058749]]]}},{"type":"Feature","properties":{"date":"1996/07/29","year":"1996","district":"士林區","depth":120,"level":"severe","area":2416.782533,"addr":"延平北路8段2巷"},"geometry":{"type":"Polygon","coordinates":[[[121.48693,25.105115],[121.486666,25.106752],[121.486603,25.107623],[121.486656,25.107631],[121.486997,25.105125],[121.48693,25.105115]]]}},{"type":"Feature","properties":{"date":"1999/06/17","year":"1999","district":"信義區","depth":40,"level":"high","area":583.085149,"addr":"永吉路491巷7弄"},"geometry":{"type":"Polygon","coordinates":[[[121.579152,25.046194],[121.580022,25.046191],[121.580022,25.046131],[121.579152,25.046134],[121.579152,25.046194]]]}},{"type":"Feature","properties":{"date":"1998/04/14","year":"1998","district":"中正區","depth":40,"level":"high","area":207.048972,"addr":"重慶南路3段74巷"},"geometry":{"type":"Polygon","coordinates":[[[121.515576,25.026587],[121.516028,25.026396],[121.51601,25.026361],[121.515565,25.026552],[121.515576,25.026587]]]}},{"type":"Feature","properties":{"date":"1993/07/26","year":"1993","district":"大安區","depth":30,"level":"medium","area":9488.810829,"addr":"基隆路二段（福利總處至敦化南路）"},"geometry":{"type":"Polygon","coordinates":[[[121.551089,25.02327],[121.551198,25.02298],[121.549079,25.021071],[121.548888,25.021297],[121.551089,25.02327]]]}},{"type":"Feature","properties":{"date":"2004/06/23","year":"2004","district":"松山區","depth":30,"level":"medium","area":2373.8644,"addr":"敦化北路155巷100號"},"geometry":{"type":"Polygon","coordinates":[[[121.55212,25.055459],[121.552285,25.055451],[121.552286,25.054157],[121.552122,25.054171],[121.55212,25.055459]]]}},{"type":"Feature","properties":{"date":"1999/07/02","year":"1999","district":"文山區","depth":35,"level":"high","area":1049.085226,"addr":"興隆路3段305號至4段"},"geometry":{"type":"Polygon","coordinates":[[[121.558698,24.991496],[121.558889,24.991511],[121.559034,24.991021],[121.558866,24.990984],[121.558698,24.991496]]]}},{"type":"Feature","properties":{"date":"2000/11/01","year":"2000","district":"內湖區","depth":400,"level":"severe","area":194009.571445,"addr":"康樂街一帶"},"geometry":{"type":"Polygon","coordinates":[[[121.621436,25.072125],[121.62164,25.069944],[121.620419,25.068777],[121.619955,25.068779],[121.619128,25.067872],[121.618345,25.068396],[121.61925,25.0708],[121.619515,25.07376],[121.62006,25.075417],[121.620527,25.076033],[121.621106,25.076196],[121.621637,25.076451],[121.622495,25.076708],[121.623208,25.07625],[121.622988,25.075242],[121.622664,25.074625],[121.62195,25.074856],[121.621627,25.074434],[121.620765,25.073689],[121.620619,25.073072],[121.621436,25.072125]]]}},{"type":"Feature","properties":{"date":"1998/10/15","year":"1998","district":"士林區","depth":30,"level":"medium","area":3167.977443,"addr":"克強路21弄"},"geometry":{"type":"Polygon","coordinates":[[[121.523165,25.10914],[121.523785,25.109138],[121.523783,25.10868],[121.523163,25.108682],[121.523165,25.10914]]]}},{"type":"Feature","properties":{"date":"2004/09/11","year":"2004","district":"中山區","depth":50,"level":"high","area":253500.730405,"addr":"民權東路二段至三段間"},"geometry":{"type":"Polygon","coordinates":[[[121.527883,25.062753],[121.536792,25.062541],[121.536691,25.058689],[121.535491,25.058308],[121.533602,25.058392],[121.533322,25.058842],[121.532961,25.059999],[121.531143,25.060288],[121.530499,25.06119],[121.530416,25.061639],[121.530108,25.062167],[121.527909,25.062239],[121.527883,25.062753]]]}},{"type":"Feature","properties":{"date":"1998/10/15","year":"1998","district":"中山區","depth":25,"level":"medium","area":2630.645007,"addr":"吉林路至南京東路口"},"geometry":{"type":"Polygon","coordinates":[[[121.530031,25.053391],[121.530209,25.05339],[121.530203,25.052181],[121.529992,25.052182],[121.530031,25.053391]]]}},{"type":"Feature","properties":{"date":"2003/08/11","year":"2003","district":"文山區","depth":30,"level":"medium","area":20643.686327,"addr":"保儀路.木新路口"},"geometry":{"type":"Polygon","coordinates":[[[121.564356,24.982454],[121.564436,24.982626],[121.564416,24.982612],[121.564411,24.982621],[121.564893,24.982737],[121.564786,24.98314],[121.565591,24.983426],[121.56545,24.984047],[121.565625,24.984403],[121.566339,24.98412],[121.566213,24.983903],[121.566471,24.983749],[121.566589,24.983567],[121.566726,24.983173],[121.565379,24.982703],[121.565566,24.982228],[121.565546,24.982183],[121.565491,24.982187],[121.56528,24.982672],[121.564356,24.982454]]]}},{"type":"Feature","properties":{"date":"1996/07/29","year":"1996","district":"北投區","depth":30,"level":"medium","area":1808.553642,"addr":"大業路65巷"},"geometry":{"type":"Polygon","coordinates":[[[121.496341,25.123025],[121.498969,25.123253],[121.498991,25.123197],[121.496341,25.12296],[121.496341,25.123025]]]}},{"type":"Feature","properties":{"date":"1997/08/18","year":"1997","district":"內湖區","depth":50,"level":"high","area":1952.959245,"addr":"康寧路3段"},"geometry":{"type":"Polygon","coordinates":[[[121.611023,25.066599],[121.611228,25.066598],[121.610911,25.06545],[121.610889,25.066238],[121.611023,25.066599]]]}},{"type":"Feature","properties":{"date":"2004/09/11","year":"2004","district":"文山區","depth":30,"level":"medium","area":8603.344391,"addr":"木新路、保儀路口"},"geometry":{"type":"Polygon","coordinates":[[[121.564216,24.982588],[121.565261,24.982865],[121.56668,24.984707],[121.566574,24.984756],[121.56661,24.984853],[121.566716,24.984799],[121.566865,24.984961],[121.566942,24.98489],[121.566864,24.984793],[121.567024,24.984744],[121.566988,24.984674],[121.566811,24.984712],[121.566214,24.983898],[121.566321,24.983849],[121.566261,24.983769],[121.566154,24.983834],[121.565785,24.983354],[121.565736,24.983019],[121.566341,24.983217],[121.5664,24.983076],[121.565373,24.982724],[121.565502,24.982372],[121.565424,24.982345],[121.565284,24.982697],[121.564322,24.982441],[121.564216,24.982588]]]}},{"type":"Feature","properties":{"date":"2000/11/01","year":"2000","district":"文山區","depth":40,"level":"high","area":543.670094,"addr":"汀州路4段85巷附近"},"geometry":{"type":"Polygon","coordinates":[[[121.537308,25.006247],[121.537385,25.006228],[121.537323,25.005624],[121.537243,25.005629],[121.537308,25.006247]]]}},{"type":"Feature","properties":{"date":"1998/10/15","year":"1998","district":"信義區","depth":25,"level":"medium","area":642.363356,"addr":"信義路6段15巷8弄"},"geometry":{"type":"Polygon","coordinates":[[[121.575143,25.035564],[121.575503,25.035562],[121.575502,25.035402],[121.575143,25.035404],[121.575143,25.035564]]]}},{"type":"Feature","properties":{"date":"1997/07/02","year":"1997","district":"中山區","depth":15,"level":"low","area":3673.754041,"addr":"建國北路長春路口"},"geometry":{"type":"Polygon","coordinates":[[[121.536423,25.054926],[121.537262,25.054923],[121.53726,25.054531],[121.536421,25.054534],[121.536423,25.054926]]]}},{"type":"Feature","properties":{"date":"2004/06/23","year":"2004","district":"北投區","depth":15,"level":"low","area":1306.459837,"addr":"大業路16號船老大"},"geometry":{"type":"Polygon","coordinates":[[[121.499502,25.123072],[121.499684,25.122352],[121.499516,25.122322],[121.499359,25.12305],[121.499502,25.123072]]]}},{"type":"Feature","properties":{"date":"2001/09/17","year":"2001","district":"文山區","depth":350,"level":"severe","area":47559.542361,"addr":"老泉街一帶"},"geometry":{"type":"Polygon","coordinates":[[[121.55515,24.977635],[121.555806,24.977547],[121.556182,24.977717],[121.55665,24.97763],[121.557022,24.97703],[121.557112,24.97609],[121.557014,24.975236],[121.556262,24.974726],[121.555516,24.975669],[121.555799,24.976095],[121.555801,24.976437],[121.554864,24.97644],[121.55496,24.976952],[121.55515,24.977635]]]}},{"type":"Feature","properties":{"date":"1998/06/23","year":"1998","district":"中山區","depth":30,"level":"medium","area":9298.580353,"addr":"南京西路圓環附近"},"geometry":{"type":"Polygon","coordinates":[[[121.514067,25.054336],[121.515109,25.054333],[121.515106,25.053535],[121.514063,25.053538],[121.514067,25.054336]]]}},{"type":"Feature","properties":{"date":"2000/06/20","year":"2000","district":"信義區","depth":20,"level":"medium","area":554.620537,"addr":"忠孝東路4段547號前"},"geometry":{"type":"Polygon","coordinates":[[[121.560537,25.041524],[121.560805,25.041523],[121.560804,25.041337],[121.560536,25.041338],[121.560537,25.041524]]]}},{"type":"Feature","properties":{"date":"2001/09/17","year":"2001","district":"南港區","depth":300,"level":"severe","area":1828202.8867,"addr":"大坑溪以西，忠孝東路7段以北，向陽路以東，基隆河以南區域"},"geometry":{"type":"Polygon","coordinates":[[[121.605704,25.059116],[121.607612,25.059594],[121.609292,25.060143],[121.610515,25.060763],[121.611588,25.061869],[121.612355,25.062908],[121.612512,25.06374],[121.612896,25.064225],[121.613506,25.064361],[121.614344,25.064288],[121.615106,25.064077],[121.61579,25.063657],[121.616551,25.063446],[121.617306,25.063184],[121.616852,25.062542],[121.615931,25.061435],[121.615473,25.060667],[121.614931,25.059564],[121.614543,25.058315],[121.614007,25.057762],[121.613063,25.051933],[121.611683,25.050341],[121.611296,25.049232],[121.610906,25.050318],[121.610007,25.050626],[121.609016,25.05063],[121.607423,25.052029],[121.605503,25.052037],[121.604749,25.052676],[121.603695,25.053063],[121.602006,25.052908],[121.600583,25.05259],[121.59836,25.052114],[121.596227,25.051799],[121.595518,25.052206],[121.595612,25.053096],[121.59553,25.054633],[121.594734,25.055203],[121.594115,25.055934],[121.593147,25.057798],[121.592977,25.059256],[121.594311,25.059655],[121.595732,25.059568],[121.596884,25.058997],[121.599368,25.058421],[121.600613,25.058659],[121.602123,25.058652],[121.604788,25.05905],[121.60517,25.059118],[121.605704,25.059116]]]}},{"type":"Feature","properties":{"date":"1998/04/13","year":"1998","district":"松山區","depth":40,"level":"high","area":649.404003,"addr":"民生東路4段75巷3,4號"},"geometry":{"type":"Polygon","coordinates":[[[121.551191,25.058732],[121.55127,25.058741],[121.551358,25.058031],[121.551277,25.058016],[121.551191,25.058732]]]}},{"type":"Feature","properties":{"date":"1999/08/10","year":"1999","district":"士林區","depth":25,"level":"medium","area":693.784966,"addr":"通河街中山北路口"},"geometry":{"type":"Polygon","coordinates":[[[121.524065,25.079973],[121.524336,25.079972],[121.524335,25.079743],[121.524064,25.079744],[121.524065,25.079973]]]}},{"type":"Feature","properties":{"date":"1999/06/17","year":"1999","district":"松山區","depth":30,"level":"medium","area":1478.577228,"addr":"健康路15巷至敦化北路155巷"},"geometry":{"type":"Polygon","coordinates":[[[121.552866,25.055505],[121.552966,25.055504],[121.55296,25.054173],[121.55286,25.054174],[121.552866,25.055505]]]}},{"type":"Feature","properties":{"date":"1998/06/23","year":"1998","district":"中正區","depth":30,"level":"medium","area":684.801767,"addr":"忠孝西路1段209號"},"geometry":{"type":"Polygon","coordinates":[[[121.51494,25.045665],[121.51517,25.045664],[121.515169,25.045398],[121.514939,25.045399],[121.51494,25.045665]]]}},{"type":"Feature","properties":{"date":"1999/06/17","year":"1999","district":"大安區","depth":30,"level":"medium","area":1273.088866,"addr":"仁愛路4段338號"},"geometry":{"type":"Polygon","coordinates":[[[121.553511,25.038119],[121.553974,25.038117],[121.553973,25.037871],[121.55351,25.037873],[121.553511,25.038119]]]}},{"type":"Feature","properties":{"date":"1998/04/13","year":"1998","district":"中正區","depth":30,"level":"medium","area":597.703403,"addr":"汀洲路3段27巷1號"},"geometry":{"type":"Polygon","coordinates":[[[121.526326,25.019955],[121.526651,25.019954],[121.52665,25.01979],[121.526325,25.019791],[121.526326,25.019955]]]}},{"type":"Feature","properties":{"date":"1998/04/13","year":"1998","district":"大安區","depth":30,"level":"medium","area":1524.199319,"addr":"敦化南路1段161巷"},"geometry":{"type":"Polygon","coordinates":[[[121.549731,25.043094],[121.551326,25.043088],[121.551326,25.043003],[121.549731,25.043009],[121.549731,25.043094]]]}},{"type":"Feature","properties":{"date":"2001/09/17","year":"2001","district":"信義區","depth":180,"level":"severe","area":6960457.90008,"addr":"中坡南北路以西，光復南路以東，信義路以北，民權東路以南區域"},"geometry":{"type":"Polygon","coordinates":[[[121.554792,25.061992],[121.568034,25.063318],[121.568211,25.063074],[121.568563,25.062426],[121.56918,25.06129],[121.569349,25.059591],[121.56969,25.056353],[121.570301,25.054166],[121.570646,25.051818],[121.570998,25.05125],[121.571797,25.051004],[121.572328,25.05076],[121.573572,25.050755],[121.573838,25.050673],[121.575261,25.050991],[121.576416,25.051068],[121.57695,25.051389],[121.578195,25.051708],[121.579529,25.051945],[121.580151,25.052105],[121.58104,25.052263],[121.581306,25.0521],[121.581303,25.051534],[121.581924,25.051208],[121.582722,25.050962],[121.582985,25.050233],[121.583339,25.049908],[121.583868,25.049097],[121.58422,25.048448],[121.584928,25.047879],[121.585902,25.047308],[121.586433,25.046821],[121.586607,25.046092],[121.58616,25.045446],[121.585533,25.044397],[121.584727,25.042944],[121.584723,25.042135],[121.584273,25.040923],[121.58418,25.040114],[121.583732,25.039226],[121.583727,25.038255],[121.583546,25.037446],[121.583365,25.0368],[121.582745,25.037045],[121.581057,25.03689],[121.579901,25.03657],[121.578122,25.036173],[121.576965,25.03553],[121.575805,25.034483],[121.574379,25.033436],[121.573934,25.033114],[121.572867,25.032795],[121.568337,25.03265],[121.557591,25.032853],[121.557717,25.041025],[121.557736,25.04507],[121.557928,25.048306],[121.55767,25.050168],[121.557677,25.051705],[121.556531,25.053732],[121.555736,25.054545],[121.555565,25.056083],[121.555398,25.058591],[121.554792,25.061992]]]}},{"type":"Feature","properties":{"date":"1998/10/15","year":"1998","district":"中山區","depth":25,"level":"medium","area":511.206571,"addr":"八德路2段200號"},"geometry":{"type":"Polygon","coordinates":[[[121.538413,25.046385],[121.538903,25.046444],[121.538925,25.046363],[121.538445,25.046285],[121.538413,25.046385]]]}},{"type":"Feature","properties":{"date":"2000/11/01","year":"2000","district":"南港區","depth":80,"level":"severe","area":1331.848546,"addr":"重陽路423巷"},"geometry":{"type":"Polygon","coordinates":[[[121.608736,25.059758],[121.608845,25.059776],[121.609229,25.058805],[121.609117,25.058767],[121.608736,25.059758]]]}},{"type":"Feature","properties":{"date":"1998/04/13","year":"1998","district":"大安區","depth":25,"level":"medium","area":968.721685,"addr":"四維路15巷20號"},"geometry":{"type":"Polygon","coordinates":[[[121.548016,25.035267],[121.548362,25.035266],[121.54836,25.035015],[121.548015,25.035016],[121.548016,25.035267]]]}},{"type":"Feature","properties":{"date":"1998/10/15","year":"1998","district":"士林區","depth":40,"level":"high","area":1074.767901,"addr":"福華路2,4號"},"geometry":{"type":"Polygon","coordinates":[[[121.522642,25.103428],[121.522843,25.103428],[121.522841,25.102948],[121.52264,25.102949],[121.522642,25.103428]]]}},{"type":"Feature","properties":{"date":"1998/04/13","year":"1998","district":"松山區","depth":15,"level":"low","area":2349.416172,"addr":"南京東路5段291巷"},"geometry":{"type":"Polygon","coordinates":[[[121.5661,25.053215],[121.566221,25.053215],[121.566213,25.051485],[121.566092,25.051486],[121.5661,25.053215]]]}},{"type":"Feature","properties":{"date":"1998/10/15","year":"1998","district":"中山區","depth":25,"level":"medium","area":1237.452256,"addr":"通北街14至85號"},"geometry":{"type":"Polygon","coordinates":[[[121.540022,25.082519],[121.541068,25.082378],[121.540937,25.082295],[121.540021,25.082393],[121.540022,25.082519]]]}},{"type":"Feature","properties":{"date":"1998/10/15","year":"1998","district":"文山區","depth":15,"level":"low","area":1296.516831,"addr":"指南路1段51巷15弄2號"},"geometry":{"type":"Polygon","coordinates":[[[121.568791,24.987719],[121.569596,24.987715],[121.569595,24.987571],[121.56879,24.987574],[121.568791,24.987719]]]}},{"type":"Feature","properties":{"date":"1999/08/10","year":"1999","district":"大同區","depth":30,"level":"medium","area":2112.389701,"addr":"赤峰街全線及71巷"},"geometry":{"type":"Polygon","coordinates":[[[121.519746,25.056659],[121.520433,25.056657],[121.520433,25.056595],[121.519746,25.056597],[121.519744,25.056127],[121.519634,25.056128],[121.51964,25.057464],[121.51975,25.057464],[121.519746,25.056659]]]}},{"type":"Feature","properties":{"date":"1991/06/21","year":"1991","district":"南港區","depth":120,"level":"severe","area":372.896728,"addr":"六福公園旁"},"geometry":{"type":"Polygon","coordinates":[[[121.616412,25.048186],[121.616445,25.048118],[121.61622,25.047645],[121.616156,25.047648],[121.616412,25.048186]]]}},{"type":"Feature","properties":{"date":"1999/06/17","year":"1999","district":"北投區","depth":50,"level":"high","area":1342.46678,"addr":"北投立農街承德路口"},"geometry":{"type":"Polygon","coordinates":[[[121.502515,25.118977],[121.502818,25.118976],[121.502817,25.11858],[121.502513,25.118581],[121.502515,25.118977]]]}},{"type":"Feature","properties":{"date":"2004/08/20","year":"2004","district":"中正區","depth":15,"level":"low","area":1614.892151,"addr":"詔安街50巷"},"geometry":{"type":"Polygon","coordinates":[[[121.513576,25.025059],[121.513586,25.025091],[121.514388,25.024871],[121.514381,25.024834],[121.51394,25.024959],[121.513807,25.024574],[121.514211,25.024467],[121.514198,25.024412],[121.513797,25.024523],[121.513688,25.024194],[121.514064,25.024159],[121.514057,25.024125],[121.513196,25.024182],[121.513201,25.024217],[121.51363,25.02419],[121.513745,25.024537],[121.513374,25.02466],[121.513396,25.024694],[121.51376,25.02459],[121.513892,25.024969],[121.513576,25.025059]]]}},{"type":"Feature","properties":{"date":"1999/08/10","year":"1999","district":"大同區","depth":30,"level":"medium","area":701.21824,"addr":"昌吉街33巷23號"},"geometry":{"type":"Polygon","coordinates":[[[121.517145,25.066491],[121.517548,25.06649],[121.517551,25.066336],[121.517138,25.066337],[121.517145,25.066491]]]}},{"type":"Feature","properties":{"date":"2001/09/17","year":"2001","district":"南港區","depth":300,"level":"severe","area":1132744.49847,"addr":"大坑溪、四分溪（南港路以南）區域"},"geometry":{"type":"Polygon","coordinates":[[[121.61619,25.050707],[121.616679,25.048743],[121.616706,25.047543],[121.617228,25.046968],[121.617538,25.046203],[121.616912,25.046683],[121.616177,25.046399],[121.617216,25.04458],[121.616899,25.044104],[121.61648,25.044297],[121.615748,25.044491],[121.613752,25.043831],[121.611472,25.049093],[121.611793,25.050429],[121.613164,25.051951],[121.614106,25.057782],[121.6156,25.060873],[121.617088,25.062751],[121.61743,25.063155],[121.618916,25.062433],[121.620332,25.061122],[121.621654,25.059501],[121.622534,25.058016],[121.621491,25.056404],[121.620868,25.055836],[121.620924,25.054471],[121.620639,25.053846],[121.618959,25.052779],[121.617773,25.052111],[121.616884,25.051576],[121.616474,25.051303],[121.61619,25.050707]]]}},{"type":"Feature","properties":{"date":"2017/06/02","year":"2017","district":"內湖區","depth":30,"level":"medium","area":17500.0,"addr":"文德路與內湖路2段連接處"},"geometry":{"type":"Polygon","coordinates":[[[121.582078,25.079549],[121.582437,25.078582],[121.58351,25.078602],[121.583574,25.078602],[121.583553,25.078412],[121.582502,25.078402],[121.581477,25.078383],[121.579632,25.078393],[121.579369,25.078417],[121.57946,25.078597],[121.579605,25.078572],[121.579669,25.078864],[121.579683,25.078874],[121.580237,25.079049],[121.582684,25.079855],[121.58277,25.079773],[121.582078,25.079549]]]}},{"type":"Feature","properties":{"date":"2017/06/02","year":"2017","district":"松山區","depth":40,"level":"high","area":2930.0,"addr":"敦化北路155巷100弄與敦化北路155巷交叉口"},"geometry":{"type":"Polygon","coordinates":[[[121.552209,25.054311],[121.552638,25.054299],[121.552619,25.054195],[121.552215,25.054201],[121.552219,25.053791],[121.552568,25.053776],[121.552573,25.053723],[121.552219,25.053723],[121.552219,25.053519],[121.552139,25.053509],[121.552143,25.053732],[121.551903,25.053741],[121.551848,25.05381],[121.55214,25.0538],[121.55214,25.053829],[121.552146,25.054023],[121.55214,25.054204],[121.551804,25.054218],[121.551804,25.054287],[121.551856,25.054289],[121.552123,25.054277],[121.552136,25.054513],[121.552214,25.05452],[121.552209,25.054311]]]}},{"type":"Feature","properties":{"date":"2018/09/08","year":"2018","district":"松山區","depth":25,"level":"medium","area":275.0,"addr":"敦化北路155巷與敦化北路155巷100弄"},"geometry":{"type":"Polygon","coordinates":[[[121.551988,25.054415],[121.552359,25.0544],[121.552342,25.05414],[121.551971,25.054157],[121.551988,25.054415]]]}},{"type":"Feature","properties":{"date":"1995/07/24","year":"1995","district":"中山區","depth":30,"level":"medium","area":785.311592,"addr":"濱江街180巷口"},"geometry":{"type":"Polygon","coordinates":[[[121.538113,25.069586],[121.538411,25.069585],[121.53841,25.069349],[121.538112,25.06935],[121.538113,25.069586]]]}},{"type":"Feature","properties":{"date":"1998/06/23","year":"1998","district":"萬華區","depth":15,"level":"low","area":753.725172,"addr":"西昌街29巷"},"geometry":{"type":"Polygon","coordinates":[[[121.501599,25.042785],[121.502459,25.042782],[121.502459,25.042704],[121.501599,25.042707],[121.501599,25.042785]]]}},{"type":"Feature","properties":{"date":"1993/07/26","year":"1993","district":"大安區","depth":20,"level":"medium","area":1521.540196,"addr":"大安路一段84巷"},"geometry":{"type":"Polygon","coordinates":[[[121.546058,25.041024],[121.546063,25.040948],[121.544474,25.040969],[121.54448,25.041065],[121.546058,25.041024]]]}},{"type":"Feature","properties":{"date":"2001/09/17","year":"2001","district":"文山區","depth":90,"level":"severe","area":20984.446494,"addr":"北政國中"},"geometry":{"type":"Polygon","coordinates":[[[121.576769,24.985172],[121.577327,24.985055],[121.577506,24.985035],[121.577622,24.985034],[121.577907,24.985062],[121.578308,24.985176],[121.578328,24.985041],[121.578348,24.984859],[121.578378,24.984445],[121.578208,24.984043],[121.57808,24.983793],[121.577195,24.983902],[121.576786,24.984231],[121.576503,24.984712],[121.576735,24.984711],[121.576769,24.985172]]]}},{"type":"Feature","properties":{"date":"1992/05/15","year":"1992","district":"中山區","depth":20,"level":"medium","area":1265.961683,"addr":"中山北路(南京西路至長安西路)西側"},"geometry":{"type":"Polygon","coordinates":[[[121.521788,25.050723],[121.521952,25.050722],[121.521642,25.049972],[121.521507,25.049985],[121.521788,25.050723]]]}},{"type":"Feature","properties":{"date":"1999/08/25","year":"1999","district":"中山區","depth":30,"level":"medium","area":234.653941,"addr":"中山北路1段121巷38號"},"geometry":{"type":"Polygon","coordinates":[[[121.524664,25.050879],[121.524958,25.050807],[121.52494,25.050741],[121.524644,25.050812],[121.524664,25.050879]]]}},{"type":"Feature","properties":{"date":"1996/07/29","year":"1996","district":"文山區","depth":80,"level":"severe","area":5388.002182,"addr":"木柵路(萬芳路至秀明路)"},"geometry":{"type":"Polygon","coordinates":[[[121.573685,24.993644],[121.573943,24.993643],[121.573771,24.991774],[121.573513,24.991764],[121.573685,24.993644]]]}},{"type":"Feature","properties":{"date":"1998/10/15","year":"1998","district":"信義區","depth":40,"level":"high","area":2050.560035,"addr":"基隆路1段172巷"},"geometry":{"type":"Polygon","coordinates":[[[121.564822,25.043272],[121.565412,25.04327],[121.56541,25.042959],[121.564821,25.042961],[121.564822,25.043272]]]}},{"type":"Feature","properties":{"date":"1991/06/21","year":"1991","district":"大同區","depth":30,"level":"medium","area":868.35177,"addr":"民權西路102巷"},"geometry":{"type":"Polygon","coordinates":[[[121.517659,25.061539],[121.517719,25.061538],[121.517702,25.060323],[121.517635,25.060326],[121.517659,25.061539]]]}},{"type":"Feature","properties":{"date":"1998/10/15","year":"1998","district":"文山區","depth":50,"level":"high","area":1070.826753,"addr":"辛亥路7段往木新路3段"},"geometry":{"type":"Polygon","coordinates":[[[121.56219,24.981391],[121.562633,24.98139],[121.562632,24.981174],[121.562189,24.981175],[121.56219,24.981391]]]}},{"type":"Feature","properties":{"date":"2004/06/23","year":"2004","district":"大同區","depth":25,"level":"medium","area":955.395182,"addr":"重慶北路三段及酒泉街口"},"geometry":{"type":"Polygon","coordinates":[[[121.513387,25.072166],[121.51381,25.072152],[121.513769,25.07194],[121.513386,25.071954],[121.513387,25.072166]]]}},{"type":"Feature","properties":{"date":"2004/09/11","year":"2004","district":"中正區","depth":40,"level":"high","area":303.873615,"addr":"詔安街"},"geometry":{"type":"Polygon","coordinates":[[[121.513329,25.024716],[121.513838,25.024564],[121.513822,25.024513],[121.513378,25.024644],[121.513341,25.024682],[121.513329,25.024716]]]}},{"type":"Feature","properties":{"date":"2004/09/11","year":"2004","district":"南港區","depth":150,"level":"severe","area":10332.756036,"addr":"南深橋（研究院路一、二段）交界處"},"geometry":{"type":"Polygon","coordinates":[[[121.615011,25.048705],[121.615773,25.048833],[121.615835,25.04774],[121.614892,25.047621],[121.615011,25.048705]]]}},{"type":"Feature","properties":{"date":"1999/08/25","year":"1999","district":"大安區","depth":20,"level":"medium","area":1340.06466,"addr":"大安路一段51巷"},"geometry":{"type":"Polygon","coordinates":[[[121.546225,25.043172],[121.547376,25.043168],[121.547376,25.043064],[121.546224,25.043068],[121.546225,25.043172]]]}},{"type":"Feature","properties":{"date":"2004/06/23","year":"2004","district":"士林區","depth":25,"level":"medium","area":1028.634032,"addr":"延平北路七段106、107、101巷"},"geometry":{"type":"Polygon","coordinates":[[[121.494524,25.097123],[121.494588,25.097173],[121.49471,25.097057],[121.494743,25.09728],[121.494802,25.097272],[121.49477,25.09709],[121.494774,25.096986],[121.494982,25.09679],[121.49495,25.096732],[121.494864,25.096816],[121.494837,25.096791],[121.494855,25.096696],[121.494968,25.096587],[121.495058,25.096438],[121.495062,25.096314],[121.495017,25.096318],[121.494986,25.096471],[121.494954,25.096579],[121.494854,25.096629],[121.494818,25.096729],[121.49481,25.096795],[121.494837,25.096853],[121.494733,25.096949],[121.49454,25.096547],[121.494508,25.09656],[121.494692,25.09697],[121.494628,25.097032],[121.494524,25.097123]]]}},{"type":"Feature","properties":{"date":"1999/08/25","year":"1999","district":"萬華區","depth":25,"level":"medium","area":916.937731,"addr":"萬大路277巷"},"geometry":{"type":"Polygon","coordinates":[[[121.500634,25.025444],[121.501592,25.025491],[121.5016,25.025405],[121.500634,25.02536],[121.500634,25.025444]]]}},{"type":"Feature","properties":{"date":"1999/08/10","year":"1999","district":"大同區","depth":20,"level":"medium","area":591.927746,"addr":"延平北路2段144巷"},"geometry":{"type":"Polygon","coordinates":[[[121.510746,25.057696],[121.511463,25.057693],[121.511463,25.057619],[121.510746,25.057622],[121.510746,25.057696]]]}},{"type":"Feature","properties":{"date":"1991/06/21","year":"1991","district":"大安區","depth":90,"level":"severe","area":4789.723166,"addr":"和平東路基隆路口"},"geometry":{"type":"Polygon","coordinates":[[[121.552026,25.024562],[121.553002,25.024558],[121.553,25.024119],[121.552024,25.024123],[121.552026,25.024562]]]}},{"type":"Feature","properties":{"date":"1996/07/29","year":"1996","district":"萬華區","depth":85,"level":"severe","area":285.180757,"addr":"環河南路2段50巷"},"geometry":{"type":"Polygon","coordinates":[[[121.495969,25.038034],[121.4963,25.0378],[121.496245,25.037754],[121.495933,25.037988],[121.495969,25.038034]]]}},{"type":"Feature","properties":{"date":"2000/11/01","year":"2000","district":"文山區","depth":40,"level":"high","area":241011.317742,"addr":"新光路往深坑方向"},"geometry":{"type":"Polygon","coordinates":[[[121.584144,25.004094],[121.588767,25.003086],[121.592705,25.002342],[121.594703,25.002073],[121.59377,24.998121],[121.592571,24.998229],[121.590636,24.999747],[121.588475,25.001838],[121.587224,25.003092],[121.583854,25.003106],[121.584144,25.004094]]]}},{"type":"Feature","properties":{"date":"1998/10/15","year":"1998","district":"中山區","depth":15,"level":"low","area":981.26253,"addr":"吉林路5巷4號"},"geometry":{"type":"Polygon","coordinates":[[[121.530059,25.048823],[121.530501,25.048821],[121.530501,25.048623],[121.530059,25.048624],[121.530059,25.048823]]]}},{"type":"Feature","properties":{"date":"1992/06/07","year":"1992","district":"士林區","depth":20,"level":"medium","area":1367.364168,"addr":"福國路15巷"},"geometry":{"type":"Polygon","coordinates":[[[121.524613,25.102055],[121.524714,25.102055],[121.524659,25.100961],[121.524536,25.100961],[121.524613,25.102055]]]}},{"type":"Feature","properties":{"date":"2004/08/24","year":"2004","district":"士林區","depth":20,"level":"medium","area":537.182601,"addr":"延平北路八段54巷巷口~2巷55弄"},"geometry":{"type":"Polygon","coordinates":[[[121.485223,25.105175],[121.48597,25.105347],[121.485951,25.105462],[121.486004,25.105471],[121.486017,25.105385],[121.486062,25.105367],[121.486165,25.10539],[121.486176,25.105349],[121.485231,25.105134],[121.485223,25.105175]]]}},{"type":"Feature","properties":{"date":"1991/06/21","year":"1991","district":"松山區","depth":30,"level":"medium","area":6408.907773,"addr":"八德路3段敦化北路口"},"geometry":{"type":"Polygon","coordinates":[[[121.548446,25.048531],[121.549494,25.048527],[121.549491,25.04798],[121.548444,25.047984],[121.548446,25.048531]]]}},{"type":"Feature","properties":{"date":"2004/06/23","year":"2004","district":"中山區","depth":30,"level":"medium","area":3519.348065,"addr":"松江路295號"},"geometry":{"type":"Polygon","coordinates":[[[121.532551,25.060307],[121.532552,25.060518],[121.53286,25.060517],[121.532881,25.060815],[121.533363,25.060849],[121.533322,25.060305],[121.532551,25.060307]]]}},{"type":"Feature","properties":{"date":"1998/04/13","year":"1998","district":"大安區","depth":20,"level":"medium","area":792.287672,"addr":"和平東路2段256巷"},"geometry":{"type":"Polygon","coordinates":[[[121.544003,25.026028],[121.544069,25.026028],[121.544065,25.024965],[121.543998,25.024965],[121.544003,25.026028]]]}},{"type":"Feature","properties":{"date":"1993/07/26","year":"1993","district":"中山區","depth":20,"level":"medium","area":4152.175591,"addr":"長春路（中山北路～林森北路口)"},"geometry":{"type":"Polygon","coordinates":[[[121.525469,25.055015],[121.525463,25.054881],[121.522726,25.054911],[121.522734,25.055048],[121.525469,25.055015]]]}},{"type":"Feature","properties":{"date":"1998/04/13","year":"1998","district":"大安區","depth":40,"level":"high","area":1021.291788,"addr":"忠孝東路4段248巷"},"geometry":{"type":"Polygon","coordinates":[[[121.554048,25.041129],[121.554131,25.041129],[121.554126,25.040027],[121.554043,25.040028],[121.554048,25.041129]]]}},{"type":"Feature","properties":{"date":"2004/10/25","year":"2004","district":"文山區","depth":30,"level":"medium","area":1094.331444,"addr":"興隆路三段(再興中學前)"},"geometry":{"type":"Polygon","coordinates":[[[121.558676,24.991532],[121.558724,24.991551],[121.558897,24.991019],[121.559181,24.990593],[121.559376,24.990307],[121.559333,24.990288],[121.559259,24.99039],[121.559112,24.99056],[121.558906,24.990855],[121.558786,24.991107],[121.558707,24.991387],[121.558676,24.991532]]]}},{"type":"Feature","properties":{"date":"1999/08/10","year":"1999","district":"大同區","depth":20,"level":"medium","area":483.314625,"addr":"大龍街蘭州街89巷口"},"geometry":{"type":"Polygon","coordinates":[[[121.515929,25.064323],[121.51617,25.064322],[121.516169,25.064142],[121.515928,25.064143],[121.515929,25.064323]]]}},{"type":"Feature","properties":{"date":"1999/06/17","year":"1999","district":"松山區","depth":30,"level":"medium","area":1478.577228,"addr":"健康路15巷至敦化北路155巷"},"geometry":{"type":"Polygon","coordinates":[[[121.552866,25.055505],[121.552966,25.055504],[121.55296,25.054173],[121.55286,25.054174],[121.552866,25.055505]]]}},{"type":"Feature","properties":{"date":"1998/10/15","year":"1998","district":"松山區","depth":15,"level":"low","area":2020.37726,"addr":"南京東路敦化國中附近"},"geometry":{"type":"Polygon","coordinates":[[[121.546261,25.051768],[121.547378,25.051764],[121.547377,25.051602],[121.54626,25.051606],[121.546261,25.051768]]]}},{"type":"Feature","properties":{"date":"1999/08/25","year":"1999","district":"萬華區","depth":20,"level":"medium","area":181.420393,"addr":"青年路178巷44號"},"geometry":{"type":"Polygon","coordinates":[[[121.502321,25.020283],[121.502481,25.020282],[121.502481,25.020181],[121.502321,25.020182],[121.502321,25.020283]]]}},{"type":"Feature","properties":{"date":"1998/10/15","year":"1998","district":"南港區","depth":25,"level":"medium","area":2012.780372,"addr":"南港路1段265號"},"geometry":{"type":"Polygon","coordinates":[[[121.608573,25.054713],[121.60917,25.054711],[121.609168,25.054409],[121.608571,25.054412],[121.608573,25.054713]]]}},{"type":"Feature","properties":{"date":"1998/04/13","year":"1998","district":"松山區","depth":50,"level":"high","area":1069.206692,"addr":"敦化北路155巷"},"geometry":{"type":"Polygon","coordinates":[[[121.552651,25.054375],[121.553032,25.054374],[121.553031,25.054123],[121.55265,25.054124],[121.552651,25.054375]]]}},{"type":"Feature","properties":{"date":"1998/10/15","year":"1998","district":"士林區","depth":15,"level":"low","area":2396.703202,"addr":"中山北路7段190巷"},"geometry":{"type":"Polygon","coordinates":[[[121.5331,25.125026],[121.534507,25.125866],[121.534578,25.125765],[121.533166,25.124905],[121.5331,25.125026]]]}},{"type":"Feature","properties":{"date":"1997/06/04","year":"1997","district":"士林區","depth":25,"level":"medium","area":363.724429,"addr":"通河西街1段94號"},"geometry":{"type":"Polygon","coordinates":[[[121.512367,25.085022],[121.512529,25.085022],[121.512529,25.084821],[121.512367,25.084821],[121.512367,25.085022]]]}},{"type":"Feature","properties":{"date":"2000/06/21","year":"2000","district":"信義區","depth":20,"level":"medium","area":679.459613,"addr":"永吉路517巷附近"},"geometry":{"type":"Polygon","coordinates":[[[121.580029,25.047501],[121.580117,25.047455],[121.579807,25.047045],[121.579676,25.047099],[121.580029,25.047501]]]}},{"type":"Feature","properties":{"date":"1997/06/04","year":"1997","district":"松山區","depth":30,"level":"medium","area":2525.645713,"addr":"南京東路敦化北路口"},"geometry":{"type":"Polygon","coordinates":[[[121.548518,25.052101],[121.549024,25.0521],[121.549022,25.051654],[121.548516,25.051655],[121.548518,25.052101]]]}},{"type":"Feature","properties":{"date":"1992/05/15","year":"1992","district":"中山區","depth":20,"level":"medium","area":2265.041841,"addr":"中山北路(南京西路至長安西路)西側"},"geometry":{"type":"Polygon","coordinates":[[[121.522362,25.052128],[121.5225,25.052093],[121.522036,25.050723],[121.521893,25.050719],[121.522362,25.052128]]]}},{"type":"Feature","properties":{"date":"1991/06/21","year":"1991","district":"信義區","depth":40,"level":"high","area":3113.890461,"addr":"吳興街494,432巷口至600號"},"geometry":{"type":"Polygon","coordinates":[[[121.569562,25.023182],[121.56971,25.023116],[121.568952,25.021816],[121.568751,25.021882],[121.569562,25.023182]]]}},{"type":"Feature","properties":{"date":"1998/06/23","year":"1998","district":"士林區","depth":30,"level":"medium","area":1317.39734,"addr":"承德路4段"},"geometry":{"type":"Polygon","coordinates":[[[121.521948,25.079401],[121.522961,25.078945],[121.522922,25.078851],[121.521901,25.079301],[121.521948,25.079401]]]}},{"type":"Feature","properties":{"date":"1999/06/17","year":"1999","district":"內湖區","depth":30,"level":"medium","area":295.227691,"addr":"康寧路1段255巷52弄"},"geometry":{"type":"Polygon","coordinates":[[[121.596091,25.080892],[121.596659,25.080953],[121.596671,25.080896],[121.596091,25.080858],[121.596091,25.080892]]]}},{"type":"Feature","properties":{"date":"1991/06/21","year":"1991","district":"大同區","depth":60,"level":"high","area":1217.180798,"addr":"承德路錦西街口"},"geometry":{"type":"Polygon","coordinates":[[[121.518007,25.060341],[121.518432,25.060339],[121.518431,25.060083],[121.518006,25.060085],[121.518007,25.060341]]]}},{"type":"Feature","properties":{"date":"2004/09/11","year":"2004","district":"內湖區","depth":100,"level":"severe","area":20854.013618,"addr":"內溝溪上游段"},"geometry":{"type":"Polygon","coordinates":[[[121.623102,25.07714],[121.622898,25.077152],[121.622912,25.077436],[121.623059,25.078078],[121.623203,25.078197],[121.623599,25.078425],[121.623636,25.078632],[121.623578,25.079013],[121.623882,25.080037],[121.624025,25.079796],[121.624191,25.079567],[121.62437,25.079348],[121.624416,25.079097],[121.624236,25.078923],[121.623948,25.078783],[121.623756,25.078642],[121.623695,25.078468],[121.623778,25.07826],[121.624052,25.078019],[121.624494,25.077821],[121.624553,25.077647],[121.62436,25.077528],[121.623869,25.07741],[121.623486,25.077346],[121.623102,25.07714]]]}},{"type":"Feature","properties":{"date":"2004/09/11","year":"2004","district":"中山區","depth":50,"level":"high","area":228465.810151,"addr":"松江路317巷402巷一帶"},"geometry":{"type":"Polygon","coordinates":[[[121.536833,25.062888],[121.536272,25.06263],[121.530252,25.062946],[121.527865,25.063294],[121.527922,25.064847],[121.5331,25.065576],[121.533448,25.065541],[121.536492,25.064657],[121.536839,25.064463],[121.536826,25.064248],[121.536833,25.062888]]]}},{"type":"Feature","properties":{"date":"1998/04/13","year":"1998","district":"大安區","depth":25,"level":"medium","area":965.197465,"addr":"大安路1段176巷"},"geometry":{"type":"Polygon","coordinates":[[[121.544462,25.0365],[121.545889,25.036495],[121.545888,25.036425],[121.544454,25.03645],[121.544462,25.0365]]]}},{"type":"Feature","properties":{"date":"1997/08/30","year":"1997","district":"大安區","depth":30,"level":"medium","area":566.776788,"addr":"敦化南路2段107號"},"geometry":{"type":"Polygon","coordinates":[[[121.548933,25.028347],[121.549138,25.028346],[121.549137,25.028099],[121.548932,25.0281],[121.548933,25.028347]]]}},{"type":"Feature","properties":{"date":"1998/10/15","year":"1998","district":"信義區","depth":40,"level":"high","area":255.347904,"addr":"永吉路491巷7弄"},"geometry":{"type":"Polygon","coordinates":[[[121.57964,25.04623],[121.579815,25.046229],[121.579814,25.046098],[121.57964,25.046099],[121.57964,25.04623]]]}},{"type":"Feature","properties":{"date":"1996/07/29","year":"1996","district":"士林區","depth":120,"level":"severe","area":1561.67898,"addr":"延平北路7段106巷"},"geometry":{"type":"Polygon","coordinates":[[[121.495665,25.107541],[121.495723,25.10754],[121.495911,25.105121],[121.495855,25.105106],[121.495665,25.107541]]]}},{"type":"Feature","properties":{"date":"1998/04/13","year":"1998","district":"中山區","depth":25,"level":"medium","area":4286.903559,"addr":"松江路(南京東路至長安東路"},"geometry":{"type":"Polygon","coordinates":[[[121.532841,25.051891],[121.533161,25.05189],[121.533156,25.050691],[121.532836,25.050692],[121.532841,25.051891]]]}},{"type":"Feature","properties":{"date":"2004/06/23","year":"2004","district":"大安區","depth":15,"level":"low","area":556.478156,"addr":"敦化南路一段160巷"},"geometry":{"type":"Polygon","coordinates":[[[121.546964,25.04355],[121.546954,25.043638],[121.547595,25.043602],[121.547595,25.043533],[121.546964,25.04355]]]}},{"type":"Feature","properties":{"date":"1998/06/23","year":"1998","district":"大同區","depth":30,"level":"medium","area":902.350493,"addr":"迪化街2段228號附近"},"geometry":{"type":"Polygon","coordinates":[[[121.511575,25.071034],[121.511752,25.071034],[121.51175,25.070576],[121.511573,25.070577],[121.511575,25.071034]]]}},{"type":"Feature","properties":{"date":"1998/10/15","year":"1998","district":"文山區","depth":20,"level":"medium","area":2126.505534,"addr":"樟新街8,33,48巷20,21號"},"geometry":{"type":"Polygon","coordinates":[[[121.555203,24.979065],[121.555562,24.979064],[121.555559,24.978533],[121.555201,24.978534],[121.555203,24.979065]]]}},{"type":"Feature","properties":{"date":"1998/06/23","year":"1998","district":"大同區","depth":30,"level":"medium","area":2234.034292,"addr":"承德路萬全街口"},"geometry":{"type":"Polygon","coordinates":[[[121.517902,25.058618],[121.51842,25.058616],[121.518418,25.058231],[121.5179,25.058232],[121.517902,25.058618]]]}},{"type":"Feature","properties":{"date":"1999/06/17","year":"1999","district":"大安區","depth":50,"level":"high","area":194.91597,"addr":"四維路52巷26弄"},"geometry":{"type":"Polygon","coordinates":[[[121.546446,25.035087],[121.546477,25.035082],[121.546535,25.034624],[121.546491,25.034618],[121.546446,25.035087]]]}},{"type":"Feature","properties":{"date":"1993/07/26","year":"1993","district":"大安區","depth":15,"level":"low","area":18813.585872,"addr":"仁愛路、敦化南路圓環口"},"geometry":{"type":"Polygon","coordinates":[[[121.548289,25.038661],[121.549305,25.038706],[121.550135,25.037632],[121.547931,25.03765],[121.548289,25.038661]]]}},{"type":"Feature","properties":{"date":"2004/10/25","year":"2004","district":"大同區","depth":30,"level":"medium","area":247.441663,"addr":"重慶北路交流道南往北下交流道匝道(近敦煌路口)"},"geometry":{"type":"Polygon","coordinates":[[[121.513383,25.076864],[121.513444,25.076902],[121.513604,25.07679],[121.513711,25.076623],[121.513664,25.076589],[121.513632,25.07667],[121.513575,25.076739],[121.513477,25.076804],[121.513383,25.076864]]]}},{"type":"Feature","properties":{"date":"2004/06/23","year":"2004","district":"中山區","depth":30,"level":"medium","area":14639.640225,"addr":"錦州街189號"},"geometry":{"type":"Polygon","coordinates":[[[121.533515,25.060462],[121.535056,25.060456],[121.535091,25.059561],[121.53355,25.059655],[121.533515,25.060462]]]}},{"type":"Feature","properties":{"date":"1991/06/21","year":"1991","district":"中山區","depth":40,"level":"high","area":2556.131111,"addr":"林森北路(長春路至南京東路)"},"geometry":{"type":"Polygon","coordinates":[[[121.525364,25.054855],[121.525524,25.054854],[121.525518,25.053427],[121.525358,25.053427],[121.525364,25.054855]]]}},{"type":"Feature","properties":{"date":"1996/05/28","year":"1996","district":"萬華區","depth":20,"level":"medium","area":711.508829,"addr":"長順街89巷"},"geometry":{"type":"Polygon","coordinates":[[[121.490818,25.03235],[121.490939,25.032295],[121.490558,25.031879],[121.490436,25.031875],[121.490818,25.03235]]]}},{"type":"Feature","properties":{"date":"2004/09/11","year":"2004","district":"松山區","depth":50,"level":"high","area":611.855999,"addr":"五常街370巷48弄15號"},"geometry":{"type":"Polygon","coordinates":[[[121.545047,25.063856],[121.545046,25.063929],[121.545682,25.063921],[121.545862,25.06384],[121.545047,25.063856]]]}},{"type":"Feature","properties":{"date":"1998/10/15","year":"1998","district":"信義區","depth":20,"level":"medium","area":23065.123355,"addr":"忠孝東路5段423巷至虎林街"},"geometry":{"type":"Polygon","coordinates":[[[121.575306,25.042211],[121.576951,25.042204],[121.576945,25.04095],[121.5753,25.040956],[121.575306,25.042211]]]}},{"type":"Feature","properties":{"date":"1998/10/15","year":"1998","district":"中山區","depth":100,"level":"severe","area":2285.540874,"addr":"北安路(380)明水路口"},"geometry":{"type":"Polygon","coordinates":[[[121.538885,25.078564],[121.539126,25.078549],[121.539079,25.07773],[121.538823,25.077743],[121.538885,25.078564]]]}},{"type":"Feature","properties":{"date":"1997/08/18","year":"1997","district":"中山區","depth":30,"level":"medium","area":1266.807479,"addr":"南京東路一段136巷"},"geometry":{"type":"Polygon","coordinates":[[[121.52723,25.051959],[121.527335,25.051958],[121.526971,25.050704],[121.526899,25.050725],[121.52723,25.051959]]]}},{"type":"Feature","properties":{"date":"1998/10/15","year":"1998","district":"南港區","depth":20,"level":"medium","area":2565.888641,"addr":"研究院路3段27號"},"geometry":{"type":"Polygon","coordinates":[[[121.616182,25.03525],[121.616735,25.035248],[121.616733,25.034832],[121.61618,25.034835],[121.616182,25.03525]]]}},{"type":"Feature","properties":{"date":"1991/06/21","year":"1991","district":"南港區","depth":60,"level":"high","area":628.205262,"addr":"成功路1段50號"},"geometry":{"type":"Polygon","coordinates":[[[121.592693,25.056115],[121.592942,25.056114],[121.592941,25.055888],[121.592692,25.055889],[121.592693,25.056115]]]}},{"type":"Feature","properties":{"date":"1998/04/13","year":"1998","district":"松山區","depth":15,"level":"low","area":1611.942368,"addr":"南京東路4段53巷"},"geometry":{"type":"Polygon","coordinates":[[[121.551073,25.053217],[121.551179,25.053217],[121.551172,25.051853],[121.551067,25.051854],[121.551073,25.053217]]]}},{"type":"Feature","properties":{"date":"1999/06/17","year":"1999","district":"松山區","depth":30,"level":"medium","area":847.115854,"addr":"南京東路5段291巷"},"geometry":{"type":"Polygon","coordinates":[[[121.566112,25.052447],[121.566268,25.052446],[121.566266,25.051961],[121.566109,25.051962],[121.566112,25.052447]]]}},{"type":"Feature","properties":{"date":"1996/05/28","year":"1996","district":"內湖區","depth":20,"level":"medium","area":258.870567,"addr":"新明路548巷一帶"},"geometry":{"type":"Polygon","coordinates":[[[121.576244,25.053884],[121.57629,25.053902],[121.576397,25.053392],[121.576352,25.053399],[121.576244,25.053884]]]}},{"type":"Feature","properties":{"date":"1998/10/15","year":"1998","district":"中山區","depth":25,"level":"medium","area":877.602478,"addr":"松江路156巷"},"geometry":{"type":"Polygon","coordinates":[[[121.531599,25.054416],[121.532875,25.054412],[121.532875,25.05435],[121.531599,25.054355],[121.531599,25.054416]]]}},{"type":"Feature","properties":{"date":"1998/06/23","year":"1998","district":"中山區","depth":50,"level":"high","area":1945.113491,"addr":"中山北路錦州街口"},"geometry":{"type":"Polygon","coordinates":[[[121.522719,25.060489],[121.523187,25.060488],[121.523186,25.060116],[121.522717,25.060118],[121.522719,25.060489]]]}},{"type":"Feature","properties":{"date":"1999/08/10","year":"1999","district":"大同區","depth":20,"level":"medium","area":730.077119,"addr":"迪化街2段274,288,306巷附近"},"geometry":{"type":"Polygon","coordinates":[[[121.512651,25.072674],[121.512693,25.073519],[121.512761,25.073513],[121.512738,25.072673],[121.512651,25.072674]]]}},{"type":"Feature","properties":{"date":"1997/06/04","year":"1997","district":"松山區","depth":40,"level":"high","area":1731.532971,"addr":"敦化北路155巷"},"geometry":{"type":"Polygon","coordinates":[[[121.551398,25.054305],[121.5528,25.054299],[121.5528,25.054189],[121.551398,25.054194],[121.551398,25.054305]]]}},{"type":"Feature","properties":{"date":"1998/08/06","year":"1998","district":"大同區","depth":20,"level":"medium","area":1982.920588,"addr":"重慶北路(圓環至民生西路)"},"geometry":{"type":"Polygon","coordinates":[[[121.515266,25.057249],[121.515681,25.057247],[121.515679,25.056819],[121.515264,25.056821],[121.515266,25.057249]]]}},{"type":"Feature","properties":{"date":"1998/06/23","year":"1998","district":"萬華區","depth":15,"level":"low","area":196.486315,"addr":"華西街29巷31號"},"geometry":{"type":"Polygon","coordinates":[[[121.498705,25.038031],[121.498932,25.03803],[121.498931,25.037952],[121.498705,25.037953],[121.498705,25.038031]]]}},{"type":"Feature","properties":{"date":"1998/04/13","year":"1998","district":"大安區","depth":30,"level":"medium","area":2049.344999,"addr":"新生南路金華國中前"},"geometry":{"type":"Polygon","coordinates":[[[121.533146,25.031623],[121.533325,25.031674],[121.533655,25.030691],[121.533488,25.030656],[121.533146,25.031623]]]}},{"type":"Feature","properties":{"date":"2001/09/17","year":"2001","district":"內湖區","depth":300,"level":"severe","area":173240.931731,"addr":"東湖路、康寧路3段、南湖大橋北側"},"geometry":{"type":"Polygon","coordinates":[[[121.612424,25.068915],[121.612822,25.069094],[121.614008,25.068004],[121.615387,25.065828],[121.61476,25.064799],[121.614147,25.064947],[121.613748,25.065022],[121.613321,25.064975],[121.61292,25.064758],[121.612412,25.064566],[121.61166,25.06333],[121.610854,25.062289],[121.610805,25.062772],[121.61022,25.064945],[121.611597,25.066828],[121.612424,25.068915]]]}},{"type":"Feature","properties":{"date":"1999/07/02","year":"1999","district":"文山區","depth":60,"level":"high","area":1484.661276,"addr":"興隆路4段8巷7弄5號"},"geometry":{"type":"Polygon","coordinates":[[[121.559255,24.989192],[121.559698,24.989191],[121.559696,24.988891],[121.559254,24.988892],[121.559255,24.989192]]]}},{"type":"Feature","properties":{"date":"2004/06/23","year":"2004","district":"大同區","depth":30,"level":"medium","area":33788.539714,"addr":"光能里承德路二段75巷71號、赤峰街44巷、赤峰街全線(53巷)、承德路二段"},"geometry":{"type":"Polygon","coordinates":[[[121.519132,25.057208],[121.520182,25.057187],[121.52017,25.05429],[121.519138,25.054294],[121.519132,25.057208]]]}},{"type":"Feature","properties":{"date":"1991/06/21","year":"1991","district":"大同區","depth":50,"level":"high","area":3043.791368,"addr":"錦西街(中山北路至天祥街)"},"geometry":{"type":"Polygon","coordinates":[[[121.521031,25.060435],[121.522872,25.060373],[121.522866,25.060233],[121.521031,25.060279],[121.521031,25.060435]]]}},{"type":"Feature","properties":{"date":"1998/07/11","year":"1998","district":"中山區","depth":25,"level":"medium","area":765.022667,"addr":"大直街46巷"},"geometry":{"type":"Polygon","coordinates":[[[121.545366,25.082122],[121.546283,25.082153],[121.546293,25.082082],[121.545365,25.082045],[121.545366,25.082122]]]}},{"type":"Feature","properties":{"date":"1999/08/10","year":"1999","district":"大同區","depth":20,"level":"medium","area":868.547723,"addr":"哈密街59巷38弄"},"geometry":{"type":"Polygon","coordinates":[[[121.514589,25.075022],[121.515645,25.075018],[121.515645,25.074944],[121.514589,25.074948],[121.514589,25.075022]]]}},{"type":"Feature","properties":{"date":"2004/09/11","year":"2004","district":"士林區","depth":30,"level":"medium","area":58906.796687,"addr":"中山北路六段、德行東路口"},"geometry":{"type":"Polygon","coordinates":[[[121.52483,25.106483],[121.52739,25.107369],[121.527335,25.106179],[121.527538,25.105019],[121.524757,25.104786],[121.52483,25.106483]]]}},{"type":"Feature","properties":{"date":"1998/07/11","year":"1998","district":"北投區","depth":50,"level":"high","area":5447.86052,"addr":"公館路承德路口"},"geometry":{"type":"Polygon","coordinates":[[[121.501152,25.119995],[121.50199,25.119992],[121.501987,25.11941],[121.501149,25.119413],[121.501152,25.119995]]]}},{"type":"Feature","properties":{"date":"2000/11/01","year":"2000","district":"文山區","depth":40,"level":"high","area":287.715948,"addr":"羅斯福路5段92巷附近"},"geometry":{"type":"Polygon","coordinates":[[[121.53853,25.006957],[121.538567,25.006949],[121.538586,25.006292],[121.538546,25.006292],[121.53853,25.006957]]]}},{"type":"Feature","properties":{"date":"1998/06/23","year":"1998","district":"萬華區","depth":35,"level":"high","area":357.814229,"addr":"康定路56巷及內江街一帶"},"geometry":{"type":"Polygon","coordinates":[[[121.500662,25.042726],[121.501445,25.042754],[121.501448,25.042714],[121.500662,25.042685],[121.500662,25.042726]]]}},{"type":"Feature","properties":{"date":"1998/06/23","year":"1998","district":"中山區","depth":15,"level":"low","area":864.119065,"addr":"中山北路2段8至12號"},"geometry":{"type":"Polygon","coordinates":[[[121.522333,25.053037],[121.522581,25.053037],[121.52258,25.052725],[121.522332,25.052726],[121.522333,25.053037]]]}},{"type":"Feature","properties":{"date":"2004/09/11","year":"2004","district":"南港區","depth":150,"level":"severe","area":3274.521051,"addr":"南深橋（研究院路一、二段）交界處"},"geometry":{"type":"Polygon","coordinates":[[[121.615954,25.048894],[121.616256,25.048975],[121.616376,25.048892],[121.616502,25.048383],[121.615921,25.04831],[121.615954,25.048894]]]}},{"type":"Feature","properties":{"date":"1999/08/25","year":"1999","district":"松山區","depth":30,"level":"medium","area":1522.050272,"addr":"敦化北路155巷66弄"},"geometry":{"type":"Polygon","coordinates":[[[121.550106,25.055172],[121.550088,25.055282],[121.551258,25.055476],[121.551288,25.055363],[121.550106,25.055172]]]}},{"type":"Feature","properties":{"date":"2001/09/17","year":"2001","district":"士林區","depth":100,"level":"severe","area":145587.549325,"addr":"忠誠路、德行東路、雙溪街一帶"},"geometry":{"type":"Polygon","coordinates":[[[121.524826,25.106508],[121.530369,25.108476],[121.529127,25.105737],[121.526845,25.104233],[121.524723,25.104101],[121.524826,25.106508]]]}},{"type":"Feature","properties":{"date":"2004/09/11","year":"2004","district":"信義區","depth":70,"level":"severe","area":48170.722548,"addr":"忠孝東路四段553巷"},"geometry":{"type":"Polygon","coordinates":[[[121.563044,25.041766],[121.5631,25.043595],[121.563374,25.043851],[121.563733,25.043945],[121.564619,25.043941],[121.564882,25.043863],[121.565304,25.043355],[121.565253,25.042599],[121.565073,25.04236],[121.56482,25.042515],[121.564339,25.042603],[121.564044,25.042011],[121.56405,25.041247],[121.563616,25.041094],[121.563098,25.041216],[121.563044,25.041766]]]}},{"type":"Feature","properties":{"date":"1998/08/06","year":"1998","district":"中山區","depth":30,"level":"medium","area":3505.848812,"addr":"民生西路寧夏路口"},"geometry":{"type":"Polygon","coordinates":[[[121.513634,25.057016],[121.51396,25.057015],[121.51406,25.056074],[121.51372,25.056075],[121.513634,25.057016]]]}},{"type":"Feature","properties":{"date":"1998/04/13","year":"1998","district":"中山區","depth":25,"level":"medium","area":7605.129499,"addr":"松江路(南京東路至長安東路"},"geometry":{"type":"Polygon","coordinates":[[[121.53285,25.050699],[121.533138,25.050697],[121.533128,25.048478],[121.532805,25.048466],[121.53285,25.050699]]]}},{"type":"Feature","properties":{"date":"1997/06/04","year":"1997","district":"中山區","depth":20,"level":"medium","area":346.215196,"addr":"農安街227巷9弄20號"},"geometry":{"type":"Polygon","coordinates":[[[121.534395,25.066021],[121.53472,25.06602],[121.53472,25.065924],[121.534395,25.065926],[121.534395,25.066021]]]}},{"type":"Feature","properties":{"date":"1998/06/23","year":"1998","district":"中山區","depth":30,"level":"medium","area":978.338615,"addr":"南京西路84,86號前"},"geometry":{"type":"Polygon","coordinates":[[[121.51798,25.053203],[121.518725,25.053033],[121.518685,25.052927],[121.517941,25.053092],[121.51798,25.053203]]]}},{"type":"Feature","properties":{"date":"1998/10/15","year":"1998","district":"中山區","depth":15,"level":"low","area":214.887027,"addr":"遼寧街105巷27號至南京東路3段216巷"},"geometry":{"type":"Polygon","coordinates":[[[121.543032,25.051167],[121.543407,25.051159],[121.543407,25.051104],[121.543058,25.051114],[121.543032,25.051167]]]}},{"type":"Feature","properties":{"date":"1998/08/28","year":"1998","district":"中正區","depth":15,"level":"low","area":988.017893,"addr":"館前路信陽街口"},"geometry":{"type":"Polygon","coordinates":[[[121.514907,25.044782],[121.515233,25.044781],[121.515232,25.044509],[121.514906,25.04451],[121.514907,25.044782]]]}},{"type":"Feature","properties":{"date":"1997/06/04","year":"1997","district":"內湖區","depth":30,"level":"medium","area":742.995385,"addr":"成功路2段200巷8弄"},"geometry":{"type":"Polygon","coordinates":[[[121.585838,25.063751],[121.585932,25.063799],[121.586466,25.063538],[121.586378,25.063436],[121.585838,25.063751]]]}},{"type":"Feature","properties":{"date":"1998/06/23","year":"1998","district":"中山區","depth":20,"level":"medium","area":310.987092,"addr":"南京東路3段89巷15弄"},"geometry":{"type":"Polygon","coordinates":[[[121.538047,25.052895],[121.538747,25.053334],[121.538768,25.053312],[121.538047,25.052851],[121.538047,25.052895]]]}},{"type":"Feature","properties":{"date":"2004/06/23","year":"2004","district":"大同區","depth":20,"level":"medium","area":94805.249411,"addr":"重慶北路一段與長安西路口、太原路及南京西路口、延平北路及南京西路口路口"},"geometry":{"type":"Polygon","coordinates":[[[121.514653,25.05389],[121.516116,25.053591],[121.515361,25.051039],[121.511828,25.051831],[121.511759,25.053018],[121.514653,25.05389]]]}},{"type":"Feature","properties":{"date":"1999/08/11","year":"1999","district":"內湖區","depth":30,"level":"medium","area":4349.320638,"addr":"新明路126巷19號"},"geometry":{"type":"Polygon","coordinates":[[[121.584726,25.060558],[121.585437,25.060555],[121.585434,25.060008],[121.584724,25.060011],[121.584726,25.060558]]]}},{"type":"Feature","properties":{"date":"1992/05/15","year":"1992","district":"中山區","depth":20,"level":"medium","area":1999.603198,"addr":"中山北路(錦州街至民權東路)東側"},"geometry":{"type":"Polygon","coordinates":[[[121.522943,25.061543],[121.523111,25.061543],[121.523164,25.060439],[121.523003,25.060463],[121.522943,25.061543]]]}},{"type":"Feature","properties":{"date":"1998/04/13","year":"1998","district":"中正區","depth":30,"level":"medium","area":829.451795,"addr":"汀洲路2段13巷2弄3號"},"geometry":{"type":"Polygon","coordinates":[[[121.51472,25.026344],[121.515382,25.026231],[121.515326,25.026091],[121.514687,25.026276],[121.51472,25.026344]]]}},{"type":"Feature","properties":{"date":"2004/10/25","year":"2004","district":"中山區","depth":30,"level":"medium","area":329.751437,"addr":"林森北路119巷"},"geometry":{"type":"Polygon","coordinates":[[[121.525758,25.050562],[121.525771,25.050606],[121.526434,25.050441],[121.526418,25.050389],[121.526202,25.050457],[121.525936,25.050524],[121.525758,25.050562]]]}},{"type":"Feature","properties":{"date":"2004/05/30","year":"2004","district":"文山區","depth":40,"level":"high","area":35811.212649,"addr":"木新路、保儀路口"},"geometry":{"type":"Polygon","coordinates":[[[121.564367,24.982458],[121.564427,24.982624],[121.564895,24.982743],[121.564794,24.983156],[121.565597,24.983422],[121.565433,24.984019],[121.565959,24.985067],[121.566711,24.984813],[121.567305,24.985555],[121.566986,24.985767],[121.567035,24.985844],[121.567359,24.985654],[121.568523,24.987157],[121.568543,24.988278],[121.568671,24.988282],[121.568626,24.987143],[121.568091,24.986373],[121.568288,24.98635],[121.568342,24.986269],[121.567948,24.986235],[121.567487,24.985613],[121.566219,24.983909],[121.566593,24.983692],[121.566721,24.983849],[121.5668,24.983853],[121.5668,24.983799],[121.566686,24.983589],[121.566753,24.983359],[121.567039,24.983448],[121.567167,24.983434],[121.567132,24.983327],[121.565382,24.982705],[121.565601,24.98218],[121.565503,24.982193],[121.565284,24.982688],[121.564367,24.982458]]]}},{"type":"Feature","properties":{"date":"2000/11/01","year":"2000","district":"文山區","depth":50,"level":"high","area":917.904667,"addr":"興隆路4段8巷7弄"},"geometry":{"type":"Polygon","coordinates":[[[121.559123,24.989304],[121.559418,24.98923],[121.559441,24.988968],[121.559161,24.988986],[121.559123,24.989304]]]}},{"type":"Feature","properties":{"date":"2004/09/11","year":"2004","district":"大同區","depth":30,"level":"medium","area":36625.204518,"addr":"赤峰街"},"geometry":{"type":"Polygon","coordinates":[[[121.519048,25.05719],[121.520195,25.057174],[121.520204,25.054334],[121.519056,25.054319],[121.519048,25.05719]]]}},{"type":"Feature","properties":{"date":"2004/09/11","year":"2004","district":"文山區","depth":30,"level":"medium","area":2719.807537,"addr":"福興路"},"geometry":{"type":"Polygon","coordinates":[[[121.549981,25.003501],[121.549942,25.003573],[121.550054,25.003586],[121.549979,25.003636],[121.5499,25.003755],[121.550001,25.003791],[121.550146,25.003647],[121.550254,25.003583],[121.55041,25.003745],[121.550486,25.003695],[121.55033,25.003522],[121.551386,25.002802],[121.551498,25.00292],[121.551562,25.002876],[121.551467,25.002749],[121.551549,25.002688],[121.551512,25.002627],[121.551394,25.002705],[121.551348,25.002655],[121.551318,25.002683],[121.551346,25.002716],[121.550136,25.003522],[121.549981,25.003501]]]}},{"type":"Feature","properties":{"date":"1998/06/23","year":"1998","district":"大同區","depth":30,"level":"medium","area":357.747261,"addr":"承德路2段37巷9弄1號"},"geometry":{"type":"Polygon","coordinates":[[[121.51865,25.055011],[121.518891,25.05501],[121.518891,25.054877],[121.51865,25.054878],[121.51865,25.055011]]]}},{"type":"Feature","properties":{"date":"2004/09/11","year":"2004","district":"士林區","depth":30,"level":"medium","area":6336.121603,"addr":"延平北路八段93~157號"},"geometry":{"type":"Polygon","coordinates":[[[121.481242,25.105981],[121.483812,25.105973],[121.483811,25.105752],[121.481251,25.10576],[121.481242,25.105981]]]}},{"type":"Feature","properties":{"date":"2000/11/01","year":"2000","district":"南港區","depth":120,"level":"severe","area":3149.259172,"addr":"研究院路2段附近"},"geometry":{"type":"Polygon","coordinates":[[[121.617222,25.038871],[121.617372,25.039498],[121.617491,25.039503],[121.617314,25.038853],[121.617051,25.038427],[121.616994,25.038186],[121.617073,25.037503],[121.617046,25.036811],[121.616929,25.036811],[121.616978,25.0375],[121.616894,25.038197],[121.616946,25.038448],[121.617222,25.038871]]]}},{"type":"Feature","properties":{"date":"1998/04/13","year":"1998","district":"大安區","depth":30,"level":"medium","area":1787.213627,"addr":"敦化南路1段177巷"},"geometry":{"type":"Polygon","coordinates":[[[121.551288,25.04354],[121.552908,25.043534],[121.552908,25.043436],[121.551288,25.043442],[121.551288,25.04354]]]}},{"type":"Feature","properties":{"date":"2004/08/24","year":"2004","district":"北投區","depth":35,"level":"high","area":344.593551,"addr":"文林北路16巷一帶及建明橋下"},"geometry":{"type":"Polygon","coordinates":[[[121.5207,25.106272],[121.520662,25.106383],[121.52075,25.106471],[121.520857,25.106484],[121.520871,25.106395],[121.520788,25.106271],[121.5207,25.106272]]]}},{"type":"Feature","properties":{"date":"1998/10/15","year":"1998","district":"內湖區","depth":30,"level":"medium","area":2348.954495,"addr":"成功路,金湖路口"},"geometry":{"type":"Polygon","coordinates":[[[121.595132,25.0844],[121.595581,25.084398],[121.595579,25.08393],[121.59513,25.083931],[121.595132,25.0844]]]}},{"type":"Feature","properties":{"date":"2000/11/01","year":"2000","district":"南港區","depth":120,"level":"severe","area":3549.535342,"addr":"研究院路2段附近"},"geometry":{"type":"Polygon","coordinates":[[[121.616761,25.041749],[121.616693,25.042212],[121.616864,25.042213],[121.616872,25.041767],[121.617167,25.04138],[121.617527,25.040979],[121.617659,25.040719],[121.617688,25.040433],[121.617487,25.039518],[121.617384,25.039518],[121.617586,25.040427],[121.617555,25.040695],[121.617444,25.040931],[121.617071,25.041337],[121.616761,25.041749]]]}},{"type":"Feature","properties":{"date":"2000/11/01","year":"2000","district":"南港區","depth":120,"level":"severe","area":3318.164626,"addr":"研究院路2段附近"},"geometry":{"type":"Polygon","coordinates":[[[121.615744,25.048244],[121.615712,25.048818],[121.615947,25.048858],[121.616003,25.048204],[121.615801,25.04765],[121.615566,25.047651],[121.615744,25.048244]]]}},{"type":"Feature","properties":{"date":"2004/06/23","year":"2004","district":"中正區","depth":50,"level":"high","area":191281.382127,"addr":"南陽街、信陽街、衡陽路、公園路、懷寧街、漢口街、武昌街、重慶南路一段、忠孝西路館前路一帶"},"geometry":{"type":"Polygon","coordinates":[[[121.512505,25.042785],[121.512568,25.047456],[121.517572,25.046183],[121.517265,25.045085],[121.518073,25.044905],[121.518018,25.044719],[121.517243,25.044908],[121.516752,25.043281],[121.513305,25.043342],[121.513313,25.042773],[121.512505,25.042785]]]}},{"type":"Feature","properties":{"date":"1991/06/21","year":"1991","district":"南港區","depth":150,"level":"severe","area":857.5373,"addr":"研究院路2段3巷"},"geometry":{"type":"Polygon","coordinates":[[[121.616112,25.047643],[121.616225,25.047643],[121.61613,25.047083],[121.615965,25.047212],[121.616112,25.047643]]]}},{"type":"Feature","properties":{"date":"2003/08/13","year":"2003","district":"南港區","depth":30,"level":"medium","area":6641.336739,"addr":"研究院路一段11至45號"},"geometry":{"type":"Polygon","coordinates":[[[121.616459,25.053382],[121.616333,25.053388],[121.616522,25.05458],[121.618016,25.05462],[121.617983,25.054309],[121.616609,25.054257],[121.616459,25.053382]]]}},{"type":"Feature","properties":{"date":"2004/09/11","year":"2004","district":"松山區","depth":50,"level":"high","area":5919.899517,"addr":"長春路、敦化北路口、敦化北路155巷"},"geometry":{"type":"Polygon","coordinates":[[[121.548631,25.054347],[121.548627,25.055024],[121.549278,25.055028],[121.549275,25.054377],[121.549643,25.054369],[121.549649,25.054253],[121.548701,25.054276],[121.548631,25.054347]]]}},{"type":"Feature","properties":{"date":"1998/10/25","year":"1998","district":"北投區","depth":20,"level":"medium","area":771.173858,"addr":"石牌路2段315巷"},"geometry":{"type":"Polygon","coordinates":[[[121.52207,25.123843],[121.522116,25.123823],[121.521564,25.122732],[121.521512,25.122769],[121.52207,25.123843]]]}},{"type":"Feature","properties":{"date":"1991/06/21","year":"1991","district":"大安區","depth":30,"level":"medium","area":8519.944988,"addr":"基隆路辛亥路口"},"geometry":{"type":"Polygon","coordinates":[[[121.546065,25.019564],[121.547073,25.019561],[121.54707,25.018805],[121.546062,25.018809],[121.546065,25.019564]]]}},{"type":"Feature","properties":{"date":"1997/06/04","year":"1997","district":"松山區","depth":15,"level":"low","area":1828.602005,"addr":"吉林路民權東路口"},"geometry":{"type":"Polygon","coordinates":[[[121.530086,25.062774],[121.530478,25.062772],[121.530476,25.062355],[121.530084,25.062357],[121.530086,25.062774]]]}},{"type":"Feature","properties":{"date":"1998/06/23","year":"1998","district":"中正區","depth":20,"level":"medium","area":842.336221,"addr":"延平南路(衡陽路至寶慶路段)西側"},"geometry":{"type":"Polygon","coordinates":[[[121.509529,25.042263],[121.509628,25.042263],[121.509412,25.041478],[121.509327,25.041529],[121.509529,25.042263]]]}},{"type":"Feature","properties":{"date":"1998/10/15","year":"1998","district":"松山區","depth":25,"level":"medium","area":768.568043,"addr":"八德路2段346巷"},"geometry":{"type":"Polygon","coordinates":[[[121.544915,25.047728],[121.544959,25.047728],[121.544939,25.046458],[121.544874,25.046448],[121.544915,25.047728]]]}},{"type":"Feature","properties":{"date":"1999/08/10","year":"1999","district":"中山區","depth":20,"level":"medium","area":2466.787587,"addr":"大直忠烈祠前圓環"},"geometry":{"type":"Polygon","coordinates":[[[121.532895,25.078309],[121.533418,25.078307],[121.533417,25.077885],[121.532893,25.077887],[121.532895,25.078309]]]}},{"type":"Feature","properties":{"date":"1999/06/17","year":"1999","district":"大安區","depth":50,"level":"high","area":1220.411243,"addr":"大安路東豐街一帶"},"geometry":{"type":"Polygon","coordinates":[[[121.545843,25.036204],[121.546224,25.036202],[121.546223,25.035916],[121.545842,25.035917],[121.545843,25.036204]]]}},{"type":"Feature","properties":{"date":"1998/10/15","year":"1998","district":"松山區","depth":25,"level":"medium","area":644.206267,"addr":"延壽街保二總隊335號"},"geometry":{"type":"Polygon","coordinates":[[[121.55947,25.056606],[121.559993,25.056649],[121.560002,25.056538],[121.559479,25.056498],[121.55947,25.056606]]]}},{"type":"Feature","properties":{"date":"2004/09/11","year":"2004","district":"大安區","depth":15,"level":"low","area":2271.043873,"addr":"忠孝東路四段"},"geometry":{"type":"Polygon","coordinates":[[[121.54461,25.041491],[121.544614,25.041635],[121.545739,25.041607],[121.545742,25.041459],[121.545291,25.041464],[121.545282,25.041169],[121.545169,25.041173],[121.545178,25.041465],[121.54461,25.041491]]]}},{"type":"Feature","properties":{"date":"1991/06/21","year":"1991","district":"士林區","depth":40,"level":"high","area":830.001941,"addr":"延平北路6段2-12號"},"geometry":{"type":"Polygon","coordinates":[[[121.509033,25.087324],[121.509183,25.087364],[121.509303,25.086966],[121.509175,25.086822],[121.509033,25.087324]]]}},{"type":"Feature","properties":{"date":"2001/09/17","year":"2001","district":"萬華區","depth":100,"level":"severe","area":39489.781516,"addr":"成都路、昆明街、峨嵋街"},"geometry":{"type":"Polygon","coordinates":[[[121.50477,25.042993],[121.505073,25.043973],[121.506328,25.043615],[121.507225,25.043476],[121.508241,25.043227],[121.507877,25.042111],[121.504889,25.042939],[121.50477,25.042993]]]}},{"type":"Feature","properties":{"date":"1997/06/04","year":"1997","district":"士林區","depth":40,"level":"high","area":135.592955,"addr":"延平北路7段(106巷327弄)"},"geometry":{"type":"Polygon","coordinates":[[[121.495666,25.104914],[121.495711,25.104927],[121.495831,25.104677],[121.495793,25.104662],[121.495666,25.104914]]]}},{"type":"Feature","properties":{"date":"2004/09/11","year":"2004","district":"士林區","depth":30,"level":"medium","area":740.217274,"addr":"延平北路七段42巷巷口、107巷口"},"geometry":{"type":"Polygon","coordinates":[[[121.494529,25.097124],[121.494591,25.097172],[121.49471,25.097055],[121.494739,25.097283],[121.494801,25.097273],[121.494769,25.097095],[121.494772,25.096994],[121.494877,25.096892],[121.494841,25.096846],[121.494738,25.096941],[121.494547,25.09654],[121.494502,25.096558],[121.494691,25.096964],[121.494529,25.097124]]]}},{"type":"Feature","properties":{"date":"2004/08/24","year":"2004","district":"北投區","depth":35,"level":"high","area":10205.956044,"addr":"文林北路16巷一帶及建明橋下"},"geometry":{"type":"Polygon","coordinates":[[[121.520015,25.105578],[121.520103,25.105525],[121.520132,25.105485],[121.520171,25.105418],[121.520199,25.105329],[121.520346,25.105555],[121.520405,25.105528],[121.519743,25.104382],[121.519854,25.104204],[121.519629,25.104099],[121.519533,25.104268],[121.519251,25.104308],[121.519106,25.104566],[121.519135,25.104659],[121.519286,25.104703],[121.519277,25.104765],[121.519414,25.104889],[121.519298,25.105244],[121.519503,25.105389],[121.519503,25.105385],[121.520015,25.105578]]]}},{"type":"Feature","properties":{"date":"1999/08/25","year":"1999","district":"松山區","depth":30,"level":"medium","area":673.843215,"addr":"南京東路4段53巷3弄"},"geometry":{"type":"Polygon","coordinates":[[[121.550485,25.052385],[121.551142,25.052382],[121.551142,25.052291],[121.550484,25.052293],[121.550485,25.052385]]]}},{"type":"Feature","properties":{"date":"2005/06/03","year":"2005","district":"士林區","depth":20,"level":"medium","area":557.166108,"addr":"承德路、通河街口"},"geometry":{"type":"Polygon","coordinates":[[[121.52226,25.080055],[121.522261,25.080227],[121.523212,25.079998],[121.52331,25.079943],[121.52231,25.080154],[121.52226,25.080055]]]}},{"type":"Feature","properties":{"date":"1999/08/10","year":"1999","district":"大同區","depth":30,"level":"medium","area":2775.83491,"addr":"昌吉街和重慶北路附近"},"geometry":{"type":"Polygon","coordinates":[[[121.513598,25.066106],[121.514315,25.066103],[121.514313,25.065757],[121.513596,25.065759],[121.513598,25.066106]]]}},{"type":"Feature","properties":{"date":"2005/07/17","year":"2005","district":"萬華區","depth":20,"level":"medium","area":487.558301,"addr":"雅江街(長沙街至內江街)"},"geometry":{"type":"Polygon","coordinates":[[[121.501564,25.041711],[121.501564,25.041702],[121.501603,25.041702],[121.501391,25.040764],[121.501342,25.040773],[121.501564,25.041711]]]}},{"type":"Feature","properties":{"date":"2000/11/01","year":"2000","district":"文山區","depth":20,"level":"medium","area":455.095233,"addr":"木新路3段303巷7號1樓"},"geometry":{"type":"Polygon","coordinates":[[[121.556356,24.980469],[121.556464,24.980504],[121.556581,24.980175],[121.556438,24.980175],[121.556356,24.980469]]]}},{"type":"Feature","properties":{"date":"1999/08/10","year":"1999","district":"大同區","depth":15,"level":"low","area":1097.696419,"addr":"重慶北路一段83巷"},"geometry":{"type":"Polygon","coordinates":[[[121.514367,25.052673],[121.514352,25.052743],[121.515642,25.052972],[121.515657,25.052895],[121.514367,25.052673]]]}},{"type":"Feature","properties":{"date":"1999/08/10","year":"1999","district":"北投區","depth":20,"level":"medium","area":910.154699,"addr":"明德路,文林北路附近"},"geometry":{"type":"Polygon","coordinates":[[[121.51655,25.106365],[121.516865,25.106364],[121.516864,25.106105],[121.516549,25.106107],[121.51655,25.106365]]]}},{"type":"Feature","properties":{"date":"1991/06/21","year":"1991","district":"中山區","depth":40,"level":"high","area":2088.015157,"addr":"林森北路(長春路至南京東路)"},"geometry":{"type":"Polygon","coordinates":[[[121.525329,25.053403],[121.525495,25.053402],[121.525491,25.05228],[121.525324,25.05228],[121.525329,25.053403]]]}},{"type":"Feature","properties":{"date":"1998/06/23","year":"1998","district":"萬華區","depth":25,"level":"medium","area":401.443042,"addr":"貴陽街2段200號"},"geometry":{"type":"Polygon","coordinates":[[[121.499954,25.040229],[121.50024,25.040228],[121.50024,25.040103],[121.499953,25.040104],[121.499954,25.040229]]]}},{"type":"Feature","properties":{"date":"1998/10/15","year":"1998","district":"松山區","depth":15,"level":"low","area":373.084763,"addr":"延壽街402巷"},"geometry":{"type":"Polygon","coordinates":[[[121.557169,25.056344],[121.557269,25.056343],[121.557267,25.056009],[121.557167,25.05601],[121.557169,25.056344]]]}},{"type":"Feature","properties":{"date":"1998/10/15","year":"1998","district":"士林區","depth":15,"level":"low","area":1377.922812,"addr":"德行東路254號"},"geometry":{"type":"Polygon","coordinates":[[[121.533061,25.109479],[121.533485,25.109477],[121.533483,25.109186],[121.53306,25.109187],[121.533061,25.109479]]]}},{"type":"Feature","properties":{"date":"2004/09/11","year":"2004","district":"中山區","depth":30,"level":"medium","area":1013.856992,"addr":"天祥路錦西街口"},"geometry":{"type":"Polygon","coordinates":[[[121.5184,25.060325],[121.518836,25.060323],[121.518792,25.060104],[121.518399,25.060106],[121.5184,25.060325]]]}},{"type":"Feature","properties":{"date":"2004/09/11","year":"2004","district":"士林區","depth":30,"level":"medium","area":707.377261,"addr":"承德路四段40巷40號"},"geometry":{"type":"Polygon","coordinates":[[[121.52012,25.081425],[121.520191,25.081522],[121.520693,25.081288],[121.520622,25.081198],[121.52012,25.081425]]]}},{"type":"Feature","properties":{"date":"1996/05/28","year":"1996","district":"內湖區","depth":50,"level":"high","area":742.995385,"addr":"成功路2段200巷8弄"},"geometry":{"type":"Polygon","coordinates":[[[121.585838,25.063751],[121.585932,25.063799],[121.586466,25.063538],[121.586378,25.063436],[121.585838,25.063751]]]}},{"type":"Feature","properties":{"date":"1998/06/23","year":"1998","district":"萬華區","depth":40,"level":"high","area":474.348866,"addr":"三水街"},"geometry":{"type":"Polygon","coordinates":[[[121.497879,25.036162],[121.499207,25.036241],[121.499207,25.036216],[121.497879,25.036123],[121.497879,25.036162]]]}},{"type":"Feature","properties":{"date":"2004/09/11","year":"2004","district":"中山區","depth":50,"level":"high","area":6649.11214,"addr":"北安路忠烈祠一帶"},"geometry":{"type":"Polygon","coordinates":[[[121.532663,25.077786],[121.532525,25.078168],[121.533732,25.078328],[121.533844,25.077722],[121.532663,25.077786]]]}},{"type":"Feature","properties":{"date":"1998/09/28","year":"1998","district":"中山區","depth":15,"level":"low","area":3633.354739,"addr":"松江路402巷13弄1至10號"},"geometry":{"type":"Polygon","coordinates":[[[121.531766,25.064161],[121.532706,25.064157],[121.532704,25.063811],[121.531765,25.063815],[121.531766,25.064161]]]}},{"type":"Feature","properties":{"date":"1999/08/10","year":"1999","district":"大同區","depth":25,"level":"medium","area":3516.823555,"addr":"重慶北路3段民族西路酒泉街附近"},"geometry":{"type":"Polygon","coordinates":[[[121.513595,25.069731],[121.513908,25.06973],[121.513903,25.068723],[121.513591,25.068724],[121.513595,25.069731]]]}},{"type":"Feature","properties":{"date":"2004/10/25","year":"2004","district":"大安區","depth":30,"level":"medium","area":547.331116,"addr":"基隆路三段155巷128號一帶"},"geometry":{"type":"Polygon","coordinates":[[[121.547134,25.011678],[121.547145,25.011708],[121.547192,25.011763],[121.547268,25.011822],[121.547326,25.011846],[121.547403,25.011775],[121.547373,25.011749],[121.54745,25.011692],[121.547297,25.011558],[121.547199,25.011646],[121.547185,25.011631],[121.547134,25.011678]]]}},{"type":"Feature","properties":{"date":"1998/10/25","year":"1998","district":"北投區","depth":20,"level":"medium","area":1448.045794,"addr":"石牌路2段315巷"},"geometry":{"type":"Polygon","coordinates":[[[121.521587,25.122792],[121.523186,25.12185],[121.523112,25.121803],[121.521559,25.122736],[121.521587,25.122792]]]}},{"type":"Feature","properties":{"date":"1999/08/11","year":"1999","district":"北投區","depth":15,"level":"low","area":356.099149,"addr":"中和街240號"},"geometry":{"type":"Polygon","coordinates":[[[121.501173,25.139661],[121.501386,25.13946],[121.50131,25.139377],[121.501097,25.139594],[121.501173,25.139661]]]}},{"type":"Feature","properties":{"date":"1999/07/02","year":"1999","district":"文山區","depth":30,"level":"medium","area":3479.258385,"addr":"恒光街"},"geometry":{"type":"Polygon","coordinates":[[[121.566999,24.982353],[121.567408,24.982351],[121.567405,24.981591],[121.566995,24.981593],[121.566999,24.982353]]]}},{"type":"Feature","properties":{"date":"1995/07/24","year":"1995","district":"大同區","depth":15,"level":"low","area":1115.274092,"addr":"重慶北路長安西路口"},"geometry":{"type":"Polygon","coordinates":[[[121.513741,25.051745],[121.514092,25.051744],[121.514091,25.05146],[121.51374,25.051461],[121.513741,25.051745]]]}},{"type":"Feature","properties":{"date":"2004/08/24","year":"2004","district":"士林區","depth":30,"level":"medium","area":176.178564,"addr":"延平北路八段96巷"},"geometry":{"type":"Polygon","coordinates":[[[121.48351,25.106783],[121.483489,25.106808],[121.48368,25.106839],[121.48369,25.106779],[121.4836,25.106767],[121.483614,25.106704],[121.483544,25.106688],[121.48351,25.106783]]]}},{"type":"Feature","properties":{"date":"1998/10/15","year":"1998","district":"文山區","depth":30,"level":"medium","area":293.682141,"addr":"萬盛街82巷12號"},"geometry":{"type":"Polygon","coordinates":[[[121.540361,25.005707],[121.540428,25.005706],[121.54035,25.005373],[121.54026,25.005374],[121.540361,25.005707]]]}},{"type":"Feature","properties":{"date":"1997/08/18","year":"1997","district":"內湖區","depth":100,"level":"severe","area":317.967818,"addr":"江南路71巷"},"geometry":{"type":"Polygon","coordinates":[[[121.58089,25.079165],[121.580931,25.079177],[121.581154,25.078632],[121.581101,25.078618],[121.58089,25.079165]]]}},{"type":"Feature","properties":{"date":"1999/06/17","year":"1999","district":"松山區","depth":30,"level":"medium","area":743.798336,"addr":"民生東路4段75巷"},"geometry":{"type":"Polygon","coordinates":[[[121.55117,25.058729],[121.551268,25.058735],[121.551357,25.058014],[121.551274,25.057999],[121.55117,25.058729]]]}},{"type":"Feature","properties":{"date":"1998/10/15","year":"1998","district":"南港區","depth":20,"level":"medium","area":1217.727202,"addr":"研究院路2段197號"},"geometry":{"type":"Polygon","coordinates":[[[121.617266,25.036814],[121.617689,25.036813],[121.617687,25.036555],[121.617265,25.036557],[121.617266,25.036814]]]}},{"type":"Feature","properties":{"date":"1999/07/02","year":"1999","district":"文山區","depth":50,"level":"high","area":1931.766925,"addr":"光輝路"},"geometry":{"type":"Polygon","coordinates":[[[121.555539,24.98472],[121.557364,24.985209],[121.557388,24.985128],[121.555563,24.984625],[121.555539,24.98472]]]}},{"type":"Feature","properties":{"date":"1998/04/13","year":"1998","district":"大安區","depth":30,"level":"medium","area":438.683689,"addr":"敦化南路1段161巷"},"geometry":{"type":"Polygon","coordinates":[[[121.551298,25.043074],[121.551894,25.043072],[121.551894,25.043006],[121.551298,25.043008],[121.551298,25.043074]]]}},{"type":"Feature","properties":{"date":"1993/07/26","year":"1993","district":"萬華區","depth":40,"level":"high","area":5250.645844,"addr":"南寧路（九信）、和平西路三段與三水街一帶"},"geometry":{"type":"Polygon","coordinates":[[[121.503396,25.035894],[121.503704,25.035701],[121.503631,25.034806],[121.502981,25.035052],[121.503396,25.035894]]]}},{"type":"Feature","properties":{"date":"1993/07/26","year":"1993","district":"中正區","depth":20,"level":"medium","area":2165.762486,"addr":"八德路一段1～19號"},"geometry":{"type":"Polygon","coordinates":[[[121.531467,25.044106],[121.531484,25.043943],[121.530279,25.043666],[121.530261,25.043816],[121.531467,25.044106]]]}},{"type":"Feature","properties":{"date":"1998/10/15","year":"1998","district":"內湖區","depth":15,"level":"low","area":4035.925316,"addr":"東湖路160巷10弄31至35號"},"geometry":{"type":"Polygon","coordinates":[[[121.616239,25.067713],[121.616905,25.067711],[121.616902,25.067168],[121.616237,25.067171],[121.616239,25.067713]]]}},{"type":"Feature","properties":{"date":"1999/07/02","year":"1999","district":"文山區","depth":30,"level":"medium","area":598.577198,"addr":"木柵路一段292號一帶富山路"},"geometry":{"type":"Polygon","coordinates":[[[121.553656,24.988208],[121.553913,24.988207],[121.553912,24.987999],[121.553656,24.988],[121.553656,24.988208]]]}},{"type":"Feature","properties":{"date":"2000/11/01","year":"2000","district":"南港區","depth":120,"level":"severe","area":7812.230231,"addr":"研究院路2段附近"},"geometry":{"type":"Polygon","coordinates":[[[121.61503,25.046239],[121.61553,25.047591],[121.615797,25.047575],[121.615271,25.046158],[121.615372,25.045635],[121.61575,25.044957],[121.615484,25.044949],[121.615106,25.045632],[121.61503,25.046239]]]}},{"type":"Feature","properties":{"date":"1999/08/25","year":"1999","district":"中正區","depth":25,"level":"medium","area":473.346258,"addr":"南海路126巷118巷30巷"},"geometry":{"type":"Polygon","coordinates":[[[121.507626,25.027256],[121.507827,25.027255],[121.507826,25.027044],[121.507625,25.027045],[121.507626,25.027256]]]}},{"type":"Feature","properties":{"date":"1998/10/15","year":"1998","district":"士林區","depth":30,"level":"medium","area":923.450509,"addr":"中山北路6段230號"},"geometry":{"type":"Polygon","coordinates":[[[121.525201,25.108957],[121.525544,25.108955],[121.525543,25.108714],[121.5252,25.108715],[121.525201,25.108957]]]}},{"type":"Feature","properties":{"date":"2004/09/11","year":"2004","district":"中山區","depth":65,"level":"severe","area":114134.303353,"addr":"中原街、新生北路二段"},"geometry":{"type":"Polygon","coordinates":[[[121.527883,25.062089],[121.529105,25.0621],[121.529447,25.06091],[121.529412,25.056518],[121.527687,25.054914],[121.527883,25.062089]]]}},{"type":"Feature","properties":{"date":"2004/10/25","year":"2004","district":"士林區","depth":30,"level":"medium","area":7969.926141,"addr":"文林路773號旁磺溪防汛道路"},"geometry":{"type":"Polygon","coordinates":[[[121.518593,25.10125],[121.518733,25.101043],[121.518778,25.100701],[121.518696,25.100413],[121.518362,25.100161],[121.518106,25.10026],[121.518,25.100458],[121.517984,25.1007],[121.518096,25.10103],[121.518221,25.10129],[121.51829,25.101457],[121.518486,25.101386],[121.518593,25.10125]]]}},{"type":"Feature","properties":{"date":"1991/06/19","year":"1991","district":"內湖區","depth":20,"level":"medium","area":328.246187,"addr":"康寧路3段99巷12弄"},"geometry":{"type":"Polygon","coordinates":[[[121.611468,25.072718],[121.61111,25.072334],[121.611072,25.072369],[121.611422,25.072757],[121.611468,25.072718]]]}},{"type":"Feature","properties":{"date":"2004/10/25","year":"2004","district":"內湖區","depth":60,"level":"high","area":13662.385203,"addr":"康樂街一帶(與內溝溪上游段同)"},"geometry":{"type":"Polygon","coordinates":[[[121.624022,25.080703],[121.624079,25.080686],[121.624011,25.080375],[121.623962,25.080081],[121.62397,25.079882],[121.624367,25.079335],[121.624432,25.079075],[121.624212,25.078903],[121.623927,25.078774],[121.623755,25.078602],[121.62404,25.078592],[121.624058,25.078462],[121.623507,25.078395],[121.623144,25.078163],[121.622962,25.077688],[121.622857,25.077714],[121.622992,25.078138],[121.62325,25.078362],[121.623565,25.078551],[121.623471,25.07888],[121.623435,25.07933],[121.623706,25.080177],[121.623944,25.080375],[121.624022,25.080703]]]}},{"type":"Feature","properties":{"date":"2004/09/11","year":"2004","district":"信義區","depth":50,"level":"high","area":222842.461935,"addr":"永吉路、松隆路及永吉路30巷一帶"},"geometry":{"type":"Polygon","coordinates":[[[121.566152,25.04324],[121.565917,25.043481],[121.565834,25.043894],[121.567125,25.045907],[121.567816,25.046393],[121.571012,25.046613],[121.571265,25.046372],[121.571255,25.046166],[121.571366,25.045633],[121.571233,25.045522],[121.57022,25.044512],[121.569955,25.044264],[121.569773,25.043535],[121.569863,25.04265],[121.569656,25.042857],[121.569317,25.042824],[121.568706,25.04317],[121.568094,25.04343],[121.567774,25.043397],[121.567773,25.043234],[121.568309,25.042923],[121.56875,25.042603],[121.569362,25.042317],[121.569558,25.042093],[121.570029,25.04192],[121.570152,25.042057],[121.570912,25.041341],[121.570731,25.040887],[121.570286,25.040545],[121.568307,25.040604],[121.567367,25.041071],[121.567224,25.042729],[121.567065,25.042962],[121.566528,25.043015],[121.566152,25.04324]]]}},{"type":"Feature","properties":{"date":"1998/10/15","year":"1998","district":"文山區","depth":20,"level":"medium","area":10457.467887,"addr":"保儀路木新路恒光街口"},"geometry":{"type":"Polygon","coordinates":[[[121.565635,24.983859],[121.566726,24.983855],[121.566722,24.982998],[121.565631,24.983002],[121.565635,24.983859]]]}},{"type":"Feature","properties":{"date":"2003/06/20","year":"2003","district":"萬華區","depth":30,"level":"medium","area":6532.834077,"addr":"西園路二段52巷12弄及14弄中原市場附近"},"geometry":{"type":"Polygon","coordinates":[[[121.495817,25.031176],[121.495821,25.031214],[121.495823,25.031214],[121.495958,25.031616],[121.495532,25.03161],[121.495571,25.03175],[121.496689,25.031933],[121.496707,25.031919],[121.496704,25.03186],[121.496629,25.031806],[121.496581,25.031703],[121.496602,25.03166],[121.496347,25.030942],[121.495817,25.031176]]]}},{"type":"Feature","properties":{"date":"1998/06/23","year":"1998","district":"中正區","depth":40,"level":"high","area":2735.416864,"addr":"館前路許昌街口"},"geometry":{"type":"Polygon","coordinates":[[[121.512225,25.047686],[121.512921,25.047684],[121.512919,25.047332],[121.512224,25.047334],[121.512225,25.047686]]]}},{"type":"Feature","properties":{"date":"2005/05/15","year":"2005","district":"北投區","depth":20,"level":"medium","area":92.504,"addr":"建明橋下涵洞"},"geometry":{"type":"Polygon","coordinates":[[[121.520846,25.106531],[121.520776,25.106432],[121.520737,25.106513],[121.520786,25.106585],[121.520846,25.106531]]]}},{"type":"Feature","properties":{"date":"2005/06/03","year":"2005","district":"士林區","depth":30,"level":"medium","area":14054.059356,"addr":"華榮街"},"geometry":{"type":"Polygon","coordinates":[[[121.52343,25.096266],[121.523682,25.094956],[121.522084,25.0946],[121.522016,25.094952],[121.522296,25.095529],[121.522604,25.095673],[121.523088,25.095256],[121.523429,25.096247],[121.52343,25.096266]]]}},{"type":"Feature","properties":{"date":"2005/06/03","year":"2005","district":"士林區","depth":45,"level":"high","area":2312.143258,"addr":"美德街49號"},"geometry":{"type":"Polygon","coordinates":[[[121.524818,25.096315],[121.524818,25.096324],[121.524877,25.096342],[121.525482,25.094046],[121.525691,25.094082],[121.52571,25.094037],[121.525522,25.094001],[121.525482,25.093983],[121.525521,25.093821],[121.525471,25.093821],[121.525442,25.093947],[121.525422,25.093983],[121.525006,25.093904],[121.524996,25.093967],[121.525413,25.094038],[121.524818,25.096315]]]}},{"type":"Feature","properties":{"date":"2005/06/03","year":"2005","district":"士林區","depth":20,"level":"medium","area":3123.609398,"addr":"中正路、文林路口"},"geometry":{"type":"Polygon","coordinates":[[[121.524642,25.0946],[121.524583,25.094826],[121.524544,25.094853],[121.524524,25.094853],[121.524405,25.094836],[121.524327,25.095116],[121.524466,25.095151],[121.524368,25.095495],[121.524567,25.095539],[121.524645,25.095232],[121.524694,25.095205],[121.524863,25.095231],[121.524941,25.094951],[121.524752,25.094916],[121.524732,25.09488],[121.524801,25.094636],[121.524642,25.0946]]]}},{"type":"Feature","properties":{"date":"1999/07/02","year":"1999","district":"文山區","depth":30,"level":"medium","area":348.580263,"addr":"興德路6巷"},"geometry":{"type":"Polygon","coordinates":[[[121.55546,25.000797],[121.556163,25.00073],[121.556157,25.000682],[121.555455,25.000757],[121.55546,25.000797]]]}},{"type":"Feature","properties":{"date":"1998/10/25","year":"1998","district":"信義區","depth":30,"level":"medium","area":631.013975,"addr":"松隆路204號"},"geometry":{"type":"Polygon","coordinates":[[[121.572655,25.047218],[121.572956,25.047217],[121.572955,25.04703],[121.572654,25.047031],[121.572655,25.047218]]]}},{"type":"Feature","properties":{"date":"1999/08/25","year":"1999","district":"中正區","depth":30,"level":"medium","area":1523.078661,"addr":"重慶南路3段65巷"},"geometry":{"type":"Polygon","coordinates":[[[121.516468,25.026838],[121.516743,25.026803],[121.516721,25.026381],[121.516378,25.026383],[121.516468,25.026838]]]}},{"type":"Feature","properties":{"date":"2004/10/25","year":"2004","district":"南港區","depth":60,"level":"high","area":127.373765,"addr":"南港路一段10巷4號後方"},"geometry":{"type":"Polygon","coordinates":[[[121.619987,25.055171],[121.619968,25.05523],[121.620023,25.055308],[121.620063,25.055128],[121.620031,25.055107],[121.619983,25.055105],[121.619987,25.055171]]]}},{"type":"Feature","properties":{"date":"1991/06/21","year":"1991","district":"南港區","depth":120,"level":"severe","area":311.012781,"addr":"六福公園旁"},"geometry":{"type":"Polygon","coordinates":[[[121.615927,25.04801],[121.616277,25.047903],[121.616237,25.047823],[121.615914,25.047941],[121.615927,25.04801]]]}},{"type":"Feature","properties":{"date":"1991/06/21","year":"1991","district":"士林區","depth":40,"level":"high","area":859.225337,"addr":"中正路586-610號"},"geometry":{"type":"Polygon","coordinates":[[[121.509303,25.086966],[121.509925,25.087157],[121.509978,25.087056],[121.509202,25.086833],[121.509303,25.086966]]]}},{"type":"Feature","properties":{"date":"2004/06/23","year":"2004","district":"大同區","depth":25,"level":"medium","area":919.060422,"addr":"民權西路118號附近"},"geometry":{"type":"Polygon","coordinates":[[[121.517563,25.062634],[121.517869,25.062628],[121.517856,25.062348],[121.517562,25.062366],[121.517563,25.062634]]]}},{"type":"Feature","properties":{"date":"1999/08/10","year":"1999","district":"大同區","depth":30,"level":"medium","area":3191.905524,"addr":"民生西路承德路太原路口"},"geometry":{"type":"Polygon","coordinates":[[[121.516865,25.057257],[121.518365,25.057505],[121.518403,25.057287],[121.516864,25.057105],[121.516865,25.057257]]]}},{"type":"Feature","properties":{"date":"1996/09/28","year":"1996","district":"松山區","depth":25,"level":"medium","area":1828.602005,"addr":"吉林路民權東路口"},"geometry":{"type":"Polygon","coordinates":[[[121.530086,25.062774],[121.530478,25.062772],[121.530476,25.062355],[121.530084,25.062357],[121.530086,25.062774]]]}},{"type":"Feature","properties":{"date":"1998/07/11","year":"1998","district":"中山區","depth":100,"level":"severe","area":1755.777355,"addr":"濱江街180巷"},"geometry":{"type":"Polygon","coordinates":[[[121.538057,25.069325],[121.538195,25.069325],[121.53819,25.068185],[121.538052,25.068186],[121.538057,25.069325]]]}},{"type":"Feature","properties":{"date":"2001/09/17","year":"2001","district":"南港區","depth":180,"level":"severe","area":1796696.56778,"addr":"向陽路以西，中坡南北路以東，東新街以北，基隆河以南區域"},"geometry":{"type":"Polygon","coordinates":[[[121.592261,25.058287],[121.593142,25.056828],[121.593671,25.055854],[121.594288,25.054962],[121.594462,25.054233],[121.595344,25.052935],[121.595429,25.052125],[121.595602,25.051073],[121.595332,25.050346],[121.594529,25.049621],[121.594078,25.048247],[121.594252,25.047437],[121.593982,25.04671],[121.593801,25.046063],[121.593977,25.045577],[121.593347,25.043961],[121.592986,25.04283],[121.592715,25.041941],[121.592976,25.040726],[121.592883,25.039756],[121.591104,25.039196],[121.590212,25.038391],[121.589765,25.037907],[121.588257,25.038237],[121.586393,25.038406],[121.585146,25.037764],[121.585591,25.038005],[121.584523,25.037523],[121.583899,25.036959],[121.583992,25.037849],[121.583994,25.038335],[121.584534,25.03987],[121.584895,25.04092],[121.584988,25.041891],[121.585082,25.042942],[121.585621,25.044316],[121.586339,25.045688],[121.586701,25.047143],[121.585548,25.047633],[121.584309,25.048528],[121.583516,25.049826],[121.582633,25.050881],[121.581659,25.051694],[121.581662,25.05218],[121.582107,25.052502],[121.582464,25.052824],[121.583264,25.052902],[121.58442,25.053221],[121.585399,25.053541],[121.585931,25.053458],[121.586732,25.053778],[121.587445,25.05418],[121.588424,25.054662],[121.589228,25.055468],[121.590387,25.056353],[121.591011,25.056917],[121.591635,25.0574],[121.591904,25.057965],[121.592261,25.058287]]]}},{"type":"Feature","properties":{"date":"2007/06/05","year":"2007","district":"北投區","depth":30,"level":"medium","area":404.672806,"addr":"文林北路與明德路口一帶"},"geometry":{"type":"Polygon","coordinates":[[[121.516576,25.106757],[121.516651,25.106789],[121.516979,25.106547],[121.51673,25.10628],[121.516709,25.106295],[121.516917,25.106505],[121.516576,25.106757]]]}},{"type":"Feature","properties":{"date":"2004/09/11","year":"2004","district":"大安區","depth":20,"level":"medium","area":1214.670497,"addr":"大安路一段51巷"},"geometry":{"type":"Polygon","coordinates":[[[121.546226,25.043159],[121.547146,25.043141],[121.547177,25.043171],[121.547177,25.04325],[121.54725,25.043244],[121.54725,25.043165],[121.547293,25.043125],[121.54789,25.043126],[121.547887,25.043056],[121.547276,25.043076],[121.547239,25.043037],[121.547236,25.042985],[121.547186,25.042973],[121.547189,25.043043],[121.547133,25.043089],[121.546226,25.043105],[121.546226,25.043129],[121.546226,25.043159]]]}},{"type":"Feature","properties":{"date":"2007/06/05","year":"2007","district":"北投區","depth":100,"level":"severe","area":4010.974305,"addr":"中央南路2段一帶"},"geometry":{"type":"Polygon","coordinates":[[[121.49995,25.123018],[121.500252,25.122967],[121.500301,25.121767],[121.500011,25.121779],[121.49995,25.123018]]]}},{"type":"Feature","properties":{"date":"2006/09/10","year":"2006","district":"北投區","depth":40,"level":"high","area":4288.92793,"addr":"建民橋下涵洞"},"geometry":{"type":"Polygon","coordinates":[[[121.521021,25.107008],[121.521389,25.106512],[121.521115,25.106039],[121.520574,25.106749],[121.521021,25.107008]]]}},{"type":"Feature","properties":{"date":"2006/09/10","year":"2006","district":"北投區","depth":40,"level":"high","area":10020.593707,"addr":"文林北路53巷135弄10號"},"geometry":{"type":"Polygon","coordinates":[[[121.517527,25.102555],[121.518272,25.102329],[121.517841,25.101263],[121.51708,25.101519],[121.517527,25.102555]]]}},{"type":"Feature","properties":{"date":"2006/09/10","year":"2006","district":"北投區","depth":45,"level":"high","area":5653.642772,"addr":"文林北路5巷堤防道路"},"geometry":{"type":"Polygon","coordinates":[[[121.515852,25.09968],[121.514851,25.099438],[121.514705,25.099931],[121.515731,25.100129],[121.515852,25.09968]]]}},{"type":"Feature","properties":{"date":"2006/09/10","year":"2006","district":"北投區","depth":20,"level":"medium","area":2006.486988,"addr":"中央南路2段90號附近"},"geometry":{"type":"Polygon","coordinates":[[[121.500411,25.122106],[121.500394,25.121936],[121.500222,25.121747],[121.500135,25.121744],[121.500053,25.121922],[121.50005,25.122152],[121.500171,25.122424],[121.500258,25.122417],[121.50037,25.122254],[121.500386,25.122216],[121.500411,25.122106]]]}},{"type":"Feature","properties":{"date":"2006/09/10","year":"2006","district":"士林區","depth":25,"level":"medium","area":5310.998029,"addr":"延平北路8段2巷"},"geometry":{"type":"Polygon","coordinates":[[[121.487106,25.105479],[121.487307,25.103907],[121.48701,25.103867],[121.48681,25.105455],[121.487106,25.105479]]]}},{"type":"Feature","properties":{"date":"2007/06/05","year":"2007","district":"北投區","depth":50,"level":"high","area":6354.966224,"addr":"大業路65巷口"},"geometry":{"type":"Polygon","coordinates":[[[121.497096,25.122736],[121.497025,25.123203],[121.498295,25.123293],[121.498347,25.122869],[121.497096,25.122736]]]}},{"type":"Feature","properties":{"date":"2007/06/05","year":"2007","district":"士林區","depth":40,"level":"high","area":2701.056505,"addr":"中山北路7段190巷一帶"},"geometry":{"type":"Polygon","coordinates":[[[121.533434,25.125064],[121.533343,25.125164],[121.533907,25.125495],[121.533993,25.125403],[121.533819,25.1253],[121.533896,25.125175],[121.533889,25.12468],[121.534044,25.124496],[121.534139,25.124371],[121.533942,25.124093],[121.53399,25.123722],[121.534003,25.123563],[121.53393,25.123443],[121.533899,25.123709],[121.533845,25.124017],[121.534025,25.124408],[121.533871,25.124596],[121.533816,25.12467],[121.533823,25.125128],[121.533727,25.125245],[121.533434,25.125064]]]}},{"type":"Feature","properties":{"date":"2007/06/05","year":"2007","district":"士林區","depth":60,"level":"high","area":136975.367572,"addr":"社子島地區"},"geometry":{"type":"Polygon","coordinates":[[[121.477534,25.105985],[121.48246,25.105924],[121.483319,25.106836],[121.484426,25.107199],[121.484975,25.106236],[121.484671,25.105596],[121.487226,25.103528],[121.486924,25.103209],[121.486373,25.103805],[121.485467,25.103442],[121.485323,25.10381],[121.485805,25.104325],[121.485421,25.104632],[121.484666,25.104223],[121.484114,25.104637],[121.483308,25.104136],[121.483055,25.103679],[121.48441,25.103263],[121.483805,25.102669],[121.477027,25.104888],[121.477279,25.105116],[121.480643,25.104007],[121.482503,25.103955],[121.482557,25.105008],[121.481301,25.105195],[121.481304,25.10579],[121.477534,25.105985]]]}},{"type":"Feature","properties":{"date":"2007/06/05","year":"2007","district":"士林區","depth":60,"level":"high","area":11554.345707,"addr":"社子島地區"},"geometry":{"type":"Polygon","coordinates":[[[121.49342,25.106117],[121.493873,25.10639],[121.49457,25.104556],[121.494066,25.104329],[121.49342,25.106117]]]}},{"type":"Feature","properties":{"date":"2007/06/05","year":"2007","district":"士林區","depth":60,"level":"high","area":154241.546521,"addr":"社子島地區"},"geometry":{"type":"MultiPolygon","coordinates":[[[[121.493512,25.104011],[121.495069,25.103777],[121.495168,25.103227],[121.493961,25.103048],[121.494159,25.102407],[121.494812,25.102359],[121.495312,25.101533],[121.49536,25.101167],[121.495963,25.100936],[121.495492,25.096452],[121.496012,25.095763],[121.496026,25.09511],[121.495895,25.095071],[121.495326,25.094636],[121.495589,25.094873],[121.494716,25.095035],[121.494412,25.095394],[121.494329,25.096467],[121.493413,25.096589],[121.494289,25.097461],[121.495191,25.096544],[121.49556,25.100754],[121.494565,25.100759],[121.494084,25.100522],[121.493446,25.10012],[121.491589,25.100813],[121.491791,25.100995],[121.491493,25.101958],[121.492694,25.102196],[121.492754,25.103006],[121.493559,25.103141],[121.493512,25.104011]]],[[[121.495989,25.09678],[121.496469,25.096818],[121.496392,25.095259],[121.496012,25.095763],[121.495989,25.09678]]]]}},{"type":"Feature","properties":{"date":"2007/06/05","year":"2007","district":"士林區","depth":60,"level":"high","area":18621.232903,"addr":"社子島地區"},"geometry":{"type":"Polygon","coordinates":[[[121.480559,25.108218],[121.485792,25.1093],[121.48579,25.109025],[121.486595,25.109023],[121.486693,25.108382],[121.486391,25.108337],[121.486392,25.108657],[121.485789,25.108659],[121.485489,25.108981],[121.480709,25.108035],[121.480559,25.108218]]]}},{"type":"Feature","properties":{"date":"2007/06/05","year":"2007","district":"士林區","depth":60,"level":"high","area":113974.425019,"addr":"社子島地區"},"geometry":{"type":"Polygon","coordinates":[[[121.476424,25.10519],[121.472194,25.106396],[121.471758,25.106596],[121.472547,25.107389],[121.473246,25.107506],[121.472985,25.107745],[121.473423,25.108101],[121.474474,25.109052],[121.474779,25.108812],[121.474869,25.109607],[121.475437,25.109685],[121.475564,25.108611],[121.475126,25.108255],[121.474865,25.108415],[121.473638,25.107266],[121.47556,25.107578],[121.477606,25.10618],[121.476424,25.10519]]]}},{"type":"Feature","properties":{"date":"2007/06/05","year":"2007","district":"士林區","depth":60,"level":"high","area":120778.934722,"addr":"社子島地區"},"geometry":{"type":"Polygon","coordinates":[[[121.485071,25.106315],[121.485639,25.106353],[121.485511,25.107148],[121.484856,25.10715],[121.484901,25.107389],[121.485381,25.107546],[121.486079,25.107305],[121.486077,25.106749],[121.486644,25.106747],[121.487084,25.107541],[121.487824,25.107141],[121.487995,25.106107],[121.488476,25.106304],[121.488305,25.107258],[121.489222,25.107335],[121.489181,25.10809],[121.490012,25.108525],[121.490884,25.108164],[121.490969,25.107687],[121.491494,25.107764],[121.491665,25.107009],[121.492146,25.107166],[121.492275,25.106768],[121.490877,25.106455],[121.490575,25.10733],[121.489877,25.107333],[121.490135,25.106338],[121.489217,25.106103],[121.489388,25.105307],[121.489256,25.10487],[121.488602,25.105151],[121.487816,25.105114],[121.487687,25.105511],[121.48725,25.105433],[121.487286,25.103565],[121.487241,25.103247],[121.48698,25.103407],[121.486902,25.105633],[121.486291,25.105635],[121.486336,25.106152],[121.485244,25.105957],[121.485071,25.106315]]]}},{"type":"Feature","properties":{"date":"2007/06/05","year":"2007","district":"士林區","depth":60,"level":"high","area":414793.825285,"addr":"社子島地區"},"geometry":{"type":"Polygon","coordinates":[[[121.486602,25.107025],[121.486348,25.109053],[121.483814,25.108664],[121.48294,25.108428],[121.482422,25.109861],[121.480239,25.109669],[121.48024,25.109908],[121.482773,25.110257],[121.482601,25.110973],[121.483475,25.11105],[121.483603,25.110493],[121.484651,25.11049],[121.484567,25.111245],[121.484174,25.111286],[121.484089,25.112002],[121.484439,25.11216],[121.484525,25.111722],[121.484742,25.111483],[121.484962,25.1118],[121.484833,25.112317],[121.485183,25.112435],[121.485487,25.112117],[121.485616,25.111639],[121.485178,25.111362],[121.48535,25.110567],[121.487489,25.1106],[121.489063,25.111151],[121.489499,25.111189],[121.489155,25.112383],[121.488718,25.112225],[121.488194,25.112346],[121.488108,25.112664],[121.48824,25.112823],[121.487806,25.113421],[121.487065,25.113781],[121.488027,25.114254],[121.489642,25.114209],[121.491561,25.113766],[121.493739,25.112487],[121.495044,25.11137],[121.496041,25.109538],[121.495516,25.109381],[121.494822,25.110456],[121.493473,25.111574],[121.493035,25.111178],[121.490466,25.112776],[121.490723,25.111662],[121.491072,25.111422],[121.490502,25.110828],[121.491635,25.110308],[121.492334,25.110623],[121.493073,25.109627],[121.492242,25.109352],[121.492589,25.108794],[121.494076,25.109385],[121.494423,25.108828],[121.493767,25.108711],[121.493459,25.108036],[121.492979,25.108077],[121.49276,25.10788],[121.492236,25.107881],[121.491978,25.108717],[121.49106,25.108601],[121.489577,25.108804],[121.489187,25.109402],[121.486785,25.109211],[121.486994,25.106984],[121.486602,25.107025]]]}},{"type":"Feature","properties":{"date":"2007/06/05","year":"2007","district":"士林區","depth":60,"level":"high","area":19828.142611,"addr":"社子島地區"},"geometry":{"type":"Polygon","coordinates":[[[121.487014,25.101022],[121.485751,25.101583],[121.48619,25.102217],[121.488895,25.10205],[121.487453,25.101577],[121.487014,25.101022]]]}},{"type":"Feature","properties":{"date":"2007/06/05","year":"2007","district":"士林區","depth":60,"level":"high","area":48969.837803,"addr":"社子島地區"},"geometry":{"type":"Polygon","coordinates":[[[121.481018,25.107958],[121.48032,25.108119],[121.479577,25.107843],[121.478188,25.109835],[121.47714,25.109799],[121.477141,25.110037],[121.480196,25.109987],[121.480111,25.110584],[121.481249,25.111137],[121.481815,25.110817],[121.481247,25.110739],[121.481637,25.110062],[121.480851,25.109946],[121.480806,25.109548],[121.479584,25.109552],[121.480147,25.108477],[121.481018,25.107958]]]}},{"type":"Feature","properties":{"date":"2007/06/05","year":"2007","district":"士林區","depth":60,"level":"high","area":6512.412655,"addr":"社子島地區"},"geometry":{"type":"Polygon","coordinates":[[[121.482907,25.111012],[121.482779,25.111688],[121.483435,25.111964],[121.483693,25.111129],[121.482907,25.111012]]]}},{"type":"Feature","properties":{"date":"2007/06/23","year":"2007","district":"文山區","depth":30,"level":"medium","area":12140.466418,"addr":"木新路、保儀路口"},"geometry":{"type":"Polygon","coordinates":[[[121.565181,24.982818],[121.565254,24.982834],[121.565687,24.983405],[121.565614,24.983488],[121.56562,24.983586],[121.5657,24.983627],[121.565835,24.983585],[121.566132,24.984002],[121.566205,24.984007],[121.566239,24.983976],[121.566222,24.983924],[121.566589,24.983696],[121.56668,24.983783],[121.566753,24.983783],[121.566764,24.983741],[121.566685,24.983582],[121.566757,24.98337],[121.56699,24.983441],[121.567069,24.983384],[121.567097,24.983301],[121.566824,24.98322],[121.566841,24.983137],[121.566801,24.983091],[121.566739,24.983091],[121.566688,24.983169],[121.56539,24.982709],[121.565406,24.982622],[121.565361,24.982601],[121.565316,24.982596],[121.565276,24.982684],[121.565112,24.982736],[121.565181,24.982818]]]}},{"type":"Feature","properties":{"date":"2007/07/13","year":"2007","district":"文山區","depth":40,"level":"high","area":14394.903898,"addr":"木新路、保儀路口"},"geometry":{"type":"Polygon","coordinates":[[[121.564257,24.982585],[121.56526,24.982839],[121.565682,24.9834],[121.565535,24.98355],[121.565609,24.983658],[121.565824,24.983575],[121.566183,24.984053],[121.566302,24.984053],[121.566233,24.983924],[121.566583,24.983701],[121.566731,24.983839],[121.566793,24.983839],[121.566787,24.983757],[121.566673,24.983587],[121.566763,24.983375],[121.567063,24.983462],[121.567154,24.983425],[121.567165,24.983348],[121.566824,24.983215],[121.566936,24.982889],[121.566902,24.982864],[121.566845,24.982864],[121.5667,24.983169],[121.565384,24.98272],[121.565423,24.982606],[121.565372,24.982586],[121.565327,24.982581],[121.565321,24.982596],[121.565259,24.982694],[121.564284,24.982445],[121.564132,24.982497],[121.564194,24.982549],[121.564257,24.982585]]]}},{"type":"Feature","properties":{"date":"2007/08/04","year":"2007","district":"北投區","depth":70,"level":"severe","area":5248.53029,"addr":"中央南路2段91巷"},"geometry":{"type":"Polygon","coordinates":[[[121.500112,25.123006],[121.500221,25.122956],[121.500295,25.122832],[121.500356,25.122665],[121.500368,25.122485],[121.500368,25.122368],[121.500374,25.12217],[121.500414,25.122021],[121.50038,25.12191],[121.500277,25.121762],[121.500162,25.12175],[121.500026,25.1218],[121.499966,25.122091],[121.499946,25.122289],[121.499934,25.122518],[121.499935,25.122771],[121.499976,25.122932],[121.500112,25.123006]]]}},{"type":"Feature","properties":{"date":"2007/10/06","year":"2007","district":"北投區","depth":60,"level":"high","area":4602.216212,"addr":"中央南路2段91巷"},"geometry":{"type":"Polygon","coordinates":[[[121.500087,25.121762],[121.499978,25.121849],[121.500013,25.122103],[121.499981,25.122456],[121.500002,25.122653],[121.500322,25.122856],[121.500355,25.12259],[121.500409,25.122473],[121.500333,25.122238],[121.500516,25.122076],[121.500509,25.121946],[121.500406,25.121792],[121.500263,25.121725],[121.500087,25.121762]]]}},{"type":"Feature","properties":{"date":"2007/10/06","year":"2007","district":"北投區","depth":20,"level":"medium","area":1926.717408,"addr":"復興四路中和街口"},"geometry":{"type":"Polygon","coordinates":[[[121.499446,25.141498],[121.499687,25.141842],[121.499805,25.14208],[121.499928,25.142203],[121.499892,25.142425],[121.499897,25.142553],[121.499948,25.142709],[121.50002,25.142676],[121.499979,25.142532],[121.500019,25.142384],[121.500095,25.142269],[121.500076,25.142133],[121.499791,25.141838],[121.499568,25.141464],[121.499455,25.141391],[121.499446,25.141498]]]}},{"type":"Feature","properties":{"date":"2007/10/06","year":"2007","district":"北投區","depth":20,"level":"medium","area":1740.475964,"addr":"民族路3號至15巷口"},"geometry":{"type":"Polygon","coordinates":[[[121.504412,25.131987],[121.504438,25.132059],[121.504495,25.132235],[121.504531,25.132265],[121.504714,25.132831],[121.504676,25.132937],[121.504835,25.132901],[121.504827,25.132838],[121.504593,25.13234],[121.504546,25.13222],[121.504608,25.132152],[121.504652,25.132173],[121.50531,25.132644],[121.505364,25.132595],[121.504961,25.132301],[121.504641,25.132086],[121.504657,25.13207],[121.504473,25.131928],[121.504412,25.131987]]]}},{"type":"Feature","properties":{"date":"2007/10/06","year":"2007","district":"北投區","depth":20,"level":"medium","area":1386.762621,"addr":"大業路65巷內"},"geometry":{"type":"Polygon","coordinates":[[[121.49698,25.123099],[121.497027,25.12321],[121.497111,25.12324],[121.497186,25.123171],[121.497231,25.122908],[121.497259,25.122694],[121.497196,25.122637],[121.497083,25.12266],[121.496975,25.122867],[121.49698,25.123099]]]}},{"type":"Feature","properties":{"date":"2007/10/06","year":"2007","district":"北投區","depth":70,"level":"severe","area":17437.526243,"addr":"承德路7段293巷"},"geometry":{"type":"Polygon","coordinates":[[[121.500444,25.120773],[121.501509,25.119728],[121.502413,25.119021],[121.505448,25.116197],[121.505314,25.116035],[121.504055,25.117081],[121.502797,25.118384],[121.500798,25.12015],[121.500072,25.120828],[121.500444,25.120773]]]}},{"type":"Feature","properties":{"date":"2007/10/06","year":"2007","district":"北投區","depth":20,"level":"medium","area":7712.464715,"addr":"公館路92巷"},"geometry":{"type":"Polygon","coordinates":[[[121.504159,25.130296],[121.504618,25.130567],[121.504664,25.130412],[121.504915,25.129994],[121.505227,25.129556],[121.505381,25.129424],[121.506214,25.129018],[121.505894,25.128865],[121.505097,25.129224],[121.504427,25.130272],[121.504101,25.130132],[121.504159,25.130296]]]}},{"type":"Feature","properties":{"date":"2007/10/06","year":"2007","district":"士林區","depth":40,"level":"high","area":9814.829535,"addr":"雙溪街一帶"},"geometry":{"type":"Polygon","coordinates":[[[121.523585,25.100348],[121.523793,25.099999],[121.524156,25.100274],[121.524113,25.100313],[121.524171,25.100333],[121.524228,25.1003],[121.524525,25.100477],[121.524527,25.100779],[121.52465,25.100779],[121.524627,25.100535],[121.524706,25.100542],[121.5248,25.100581],[121.525625,25.100749],[121.525596,25.100808],[121.525654,25.100815],[121.525676,25.100755],[121.526203,25.100793],[121.525967,25.101261],[121.525858,25.101229],[121.525815,25.101314],[121.525946,25.10134],[121.525501,25.102158],[121.525523,25.102191],[121.525574,25.10223],[121.525617,25.10221],[121.526355,25.100845],[121.526507,25.100878],[121.525862,25.10213],[121.525956,25.10215],[121.526508,25.101101],[121.526588,25.101108],[121.526538,25.101246],[121.526596,25.101265],[121.526668,25.101153],[121.526856,25.101192],[121.526927,25.101021],[121.526753,25.100949],[121.526789,25.100863],[121.527534,25.100973],[121.527541,25.10088],[121.526608,25.100752],[121.526312,25.100747],[121.525408,25.100645],[121.524945,25.100541],[121.524568,25.100397],[121.524228,25.100208],[121.523945,25.100018],[121.523713,25.099834],[121.523656,25.0999],[121.523677,25.099927],[121.523498,25.100302],[121.523585,25.100348]]]}},{"type":"Feature","properties":{"date":"2007/10/06","year":"2007","district":"文山區","depth":50,"level":"high","area":1778.888011,"addr":"育英街47巷底"},"geometry":{"type":"Polygon","coordinates":[[[121.537478,24.99223],[121.537604,24.992198],[121.537422,24.991755],[121.537456,24.991684],[121.537392,24.991537],[121.537284,24.99144],[121.53721,24.991236],[121.537166,24.991209],[121.537132,24.991174],[121.537117,24.991143],[121.537127,24.991085],[121.537068,24.990979],[121.537004,24.991001],[121.537443,24.992154],[121.537478,24.99223]]]}},{"type":"Feature","properties":{"date":"2008/09/12","year":"2008","district":"文山區","depth":150,"level":"severe","area":3318.850044,"addr":"育英街45巷內萬慶公園內"},"geometry":{"type":"Polygon","coordinates":[[[121.537562,24.992461],[121.53764,24.992437],[121.537614,24.992357],[121.53767,24.992333],[121.536978,24.99048],[121.536895,24.990466],[121.536859,24.990523],[121.536854,24.990561],[121.537562,24.992461]]]}},{"type":"Feature","properties":{"date":"2004/05/31","year":"2004","district":"文山區","depth":30,"level":"medium","area":35955.765738,"addr":"木新路、保儀路口"},"geometry":{"type":"Polygon","coordinates":[[[121.56437,24.982458],[121.564394,24.982533],[121.564419,24.98263],[121.564893,24.982747],[121.564789,24.983148],[121.565598,24.983423],[121.565431,24.984006],[121.565963,24.985062],[121.566727,24.984812],[121.567301,24.985568],[121.566987,24.985764],[121.567036,24.985834],[121.567354,24.985652],[121.568523,24.987156],[121.568547,24.988275],[121.568678,24.988284],[121.568634,24.987133],[121.568103,24.986368],[121.568287,24.986345],[121.568335,24.986266],[121.567947,24.986236],[121.56748,24.985607],[121.566224,24.983906],[121.566596,24.983697],[121.566722,24.983842],[121.56679,24.983851],[121.566799,24.98378],[121.566687,24.983587],[121.566763,24.983361],[121.56704,24.98344],[121.567165,24.983426],[121.567145,24.983325],[121.565377,24.982719],[121.565602,24.982171],[121.565495,24.982189],[121.56528,24.982684],[121.56437,24.982458]]]}},{"type":"Feature","properties":{"date":"2007/08/22","year":"2007","district":"中正區","depth":25,"level":"medium","area":3235.585868,"addr":"漢口街懷寧街"},"geometry":{"type":"Polygon","coordinates":[[[121.513354,25.045216],[121.514215,25.045213],[121.514154,25.043457],[121.514046,25.043457],[121.514071,25.045108],[121.513363,25.045127],[121.513354,25.045216]]]}},{"type":"Feature","properties":{"date":"2007/08/23","year":"2007","district":"大安區","depth":30,"level":"medium","area":2008.432303,"addr":"基隆路3段155巷至長興街"},"geometry":{"type":"Polygon","coordinates":[[[121.542714,25.015666],[121.542662,25.015714],[121.544331,25.017128],[121.544405,25.017066],[121.542714,25.015666]]]}},{"type":"Feature","properties":{"date":"2007/08/23","year":"2007","district":"文山區","depth":35,"level":"high","area":7356.557322,"addr":"福興路"},"geometry":{"type":"Polygon","coordinates":[[[121.549117,25.004543],[121.549198,25.004528],[121.549381,25.003624],[121.549462,25.003587],[121.549543,25.003579],[121.5496,25.003579],[121.549473,25.004238],[121.549554,25.004194],[121.549697,25.003557],[121.549803,25.003556],[121.549949,25.003585],[121.549998,25.0036],[121.549909,25.003741],[121.549999,25.003778],[121.550242,25.003599],[121.550527,25.003887],[121.550448,25.004316],[121.550545,25.004294],[121.550641,25.003923],[121.551685,25.003209],[121.551653,25.003135],[121.550632,25.003834],[121.550551,25.003761],[121.551336,25.00321],[121.551271,25.003173],[121.550494,25.003694],[121.550339,25.003532],[121.551391,25.002803],[121.551326,25.002722],[121.550127,25.003518],[121.549973,25.003504],[121.549827,25.003482],[121.549551,25.003491],[121.549323,25.003536],[121.549117,25.004543]]]}},{"type":"Feature","properties":{"date":"1996/05/28","year":"1996","district":"大同區","depth":20,"level":"medium","area":1168.380168,"addr":"重慶北路長安西路口"},"geometry":{"type":"Polygon","coordinates":[[[121.513752,25.051755],[121.51412,25.051754],[121.514119,25.05147],[121.513751,25.051471],[121.513752,25.051755]]]}},{"type":"Feature","properties":{"date":"2004/09/11","year":"2004","district":"南港區","depth":150,"level":"severe","area":5602.69772,"addr":"南深橋（研究院路一、二段）交界處"},"geometry":{"type":"Polygon","coordinates":[[[121.615445,25.049665],[121.615649,25.049753],[121.615706,25.049066],[121.61392,25.049074],[121.614064,25.049334],[121.614426,25.049429],[121.614405,25.049642],[121.614503,25.049648],[121.61463,25.049346],[121.615082,25.049268],[121.615232,25.049137],[121.615549,25.049184],[121.615445,25.049665]]]}},{"type":"Feature","properties":{"date":"2001/09/17","year":"2001","district":"大安區","depth":100,"level":"severe","area":1542949.65017,"addr":"延吉街（市民大道至仁愛路段)，忠孝東路（光復南路至敦化南路段），敦化南路（市民大道至忠孝東路段）等周邊區域"},"geometry":{"type":"Polygon","coordinates":[[[121.543732,25.041784],[121.544108,25.051594],[121.557431,25.051342],[121.557864,25.049014],[121.557385,25.041228],[121.543842,25.041582],[121.543732,25.041784]]]}},{"type":"Feature","properties":{"date":"2008/09/12","year":"2008","district":"士林區","depth":30,"level":"medium","area":600.983037,"addr":"仰德大道一段46～48號間"},"geometry":{"type":"Polygon","coordinates":[[[121.536671,25.104273],[121.536779,25.104381],[121.536789,25.104228],[121.536912,25.10379],[121.536814,25.103805],[121.536671,25.104273]]]}},{"type":"Feature","properties":{"date":"2008/09/12","year":"2008","district":"中山區","depth":50,"level":"high","area":2587.65931,"addr":"濱江街180巷內"},"geometry":{"type":"Polygon","coordinates":[[[121.538401,25.070925],[121.538572,25.070914],[121.538554,25.069668],[121.538352,25.069691],[121.538401,25.070925]]]}},{"type":"Feature","properties":{"date":"2008/09/12","year":"2008","district":"北投區","depth":30,"level":"medium","area":1984.910851,"addr":"承德路七段401巷148至173號前"},"geometry":{"type":"Polygon","coordinates":[[[121.500667,25.115498],[121.50048,25.115363],[121.500431,25.115521],[121.500605,25.115589],[121.50061,25.116731],[121.500796,25.116708],[121.500667,25.115498]]]}},{"type":"Feature","properties":{"date":"2008/09/12","year":"2008","district":"北投區","depth":50,"level":"high","area":2457.330431,"addr":"文林北路53巷135弄10號附近"},"geometry":{"type":"Polygon","coordinates":[[[121.517598,25.101769],[121.517376,25.101275],[121.517318,25.101092],[121.517441,25.100831],[121.517202,25.100832],[121.517128,25.101241],[121.51735,25.101814],[121.517598,25.101769]]]}},{"type":"Feature","properties":{"date":"2008/09/12","year":"2008","district":"北投區","depth":30,"level":"medium","area":5366.878415,"addr":"大度路往市區大愛電視台附近約100公尺"},"geometry":{"type":"Polygon","coordinates":[[[121.471524,25.122825],[121.474866,25.122606],[121.474877,25.122467],[121.471523,25.122676],[121.471524,25.122825]]]}},{"type":"Feature","properties":{"date":"2008/09/12","year":"2008","district":"北投區","depth":30,"level":"medium","area":1589.560893,"addr":"大度路、貴子坑溪堤防道路交叉口南側地下道"},"geometry":{"type":"Polygon","coordinates":[[[121.48599,25.122509],[121.486118,25.12248],[121.486027,25.122144],[121.485871,25.121316],[121.48575,25.12138],[121.48599,25.122509]]]}},{"type":"Feature","properties":{"date":"2000/11/01","year":"2000","district":"南港區","depth":120,"level":"severe","area":5902.798397,"addr":"研究院路2段附近"},"geometry":{"type":"Polygon","coordinates":[[[121.617052,25.042504],[121.616871,25.042507],[121.615495,25.044936],[121.61575,25.044936],[121.617052,25.042504]]]}},{"type":"Feature","properties":{"date":"2004/06/23","year":"2004","district":"士林區","depth":25,"level":"medium","area":433.075551,"addr":"延平北路八段2巷153弄"},"geometry":{"type":"Polygon","coordinates":[[[121.485839,25.110464],[121.485789,25.110509],[121.486199,25.110537],[121.486312,25.110537],[121.486553,25.110511],[121.48654,25.110478],[121.486308,25.110491],[121.486307,25.110396],[121.486262,25.110396],[121.486244,25.110462],[121.486171,25.110487],[121.486089,25.110488],[121.485839,25.110464]]]}},{"type":"Feature","properties":{"date":"2008/09/27","year":"2008","district":"文山區","depth":30,"level":"medium","area":5218.204156,"addr":"福興路76號"},"geometry":{"type":"Polygon","coordinates":[[[121.5498,25.004101],[121.549883,25.004119],[121.549934,25.003954],[121.549995,25.003775],[121.550134,25.00368],[121.550258,25.00359],[121.550461,25.003825],[121.550724,25.00364],[121.551333,25.003218],[121.551276,25.003171],[121.550497,25.003693],[121.550351,25.003528],[121.551404,25.002807],[121.551576,25.003023],[121.551643,25.002971],[121.551346,25.002633],[121.551284,25.00268],[121.551321,25.002727],[121.550128,25.00351],[121.549828,25.003487],[121.549564,25.003479],[121.549606,25.003573],[121.54952,25.003941],[121.549618,25.003955],[121.549704,25.003549],[121.549994,25.003595],[121.5498,25.004101]]]}},{"type":"Feature","properties":{"date":"2008/09/27","year":"2008","district":"文山區","depth":30,"level":"medium","area":1825.672866,"addr":"興隆路三段36巷、155巷、304巷"},"geometry":{"type":"Polygon","coordinates":[[[121.552599,25.001652],[121.553219,25.001423],[121.553319,25.001682],[121.553407,25.001653],[121.553323,25.00138],[121.553995,25.001147],[121.553958,25.001067],[121.552563,25.001558],[121.552599,25.001652]]]}},{"type":"Feature","properties":{"date":"2008/09/27","year":"2008","district":"文山區","depth":20,"level":"medium","area":1336.265164,"addr":"興隆路四段再興中學"},"geometry":{"type":"Polygon","coordinates":[[[121.558661,24.991568],[121.558734,24.991587],[121.558923,24.990977],[121.559216,24.990528],[121.55938,24.990301],[121.559462,24.990188],[121.559416,24.99015],[121.559256,24.990382],[121.559097,24.990571],[121.558881,24.990869],[121.55884,24.990968],[121.558661,24.991568]]]}},{"type":"Feature","properties":{"date":"2000/08/15","year":"2000","district":"大同區","depth":30,"level":"medium","area":1648.174764,"addr":"南京西路,重慶北路一帶"},"geometry":{"type":"Polygon","coordinates":[[[121.514486,25.054444],[121.514577,25.054106],[121.514296,25.053849],[121.514177,25.054406],[121.514486,25.054444]]]}},{"type":"Feature","properties":{"date":"2009/08/12","year":"2009","district":"中山區","depth":20,"level":"medium","area":85.941588,"addr":"中山北路2段(民生至錦西街)"},"geometry":{"type":"Polygon","coordinates":[[[121.522745,25.06007],[121.522788,25.060067],[121.522787,25.059905],[121.522735,25.059905],[121.522745,25.06007]]]}},{"type":"Feature","properties":{"date":"2009/08/12","year":"2009","district":"中山區","depth":20,"level":"medium","area":272.024973,"addr":"美術館(中山足球場)對側"},"geometry":{"type":"Polygon","coordinates":[[[121.523085,25.070063],[121.523154,25.070052],[121.523049,25.069757],[121.523036,25.069622],[121.522984,25.069631],[121.523004,25.06975],[121.523055,25.069962],[121.523085,25.070063]]]}},{"type":"Feature","properties":{"date":"2003/08/11","year":"2003","district":"文山區","depth":15,"level":"low","area":459.465895,"addr":"富山路10至16號一帶"},"geometry":{"type":"MultiPolygon","coordinates":[[[[121.553691,24.988702],[121.553647,24.988719],[121.553626,24.988795],[121.553853,24.989239],[121.553902,24.98922],[121.553691,24.988702]]],[[[121.553902,24.98922],[121.553904,24.989225],[121.553904,24.989219],[121.553902,24.98922]]]]}},{"type":"Feature","properties":{"date":"2001/09/17","year":"2001","district":"文山區","depth":350,"level":"severe","area":29349.547832,"addr":"木柵路4、5段一帶"},"geometry":{"type":"Polygon","coordinates":[[[121.583831,25.002887],[121.584729,25.002474],[121.584053,25.002203],[121.583825,25.001589],[121.582849,25.001319],[121.582546,25.000773],[121.582321,25.000706],[121.582096,25.000843],[121.5818,25.001733],[121.582402,25.002073],[121.583831,25.002887]]]}},{"type":"Feature","properties":{"date":"1998/10/15","year":"1998","district":"中山區","depth":15,"level":"low","area":676.917066,"addr":"遼寧街105巷27號至南京東路3段216巷"},"geometry":{"type":"Polygon","coordinates":[[[121.542172,25.0507],[121.543032,25.051167],[121.543058,25.051114],[121.542226,25.050654],[121.542172,25.0507]]]}},{"type":"Feature","properties":{"date":"2009/08/12","year":"2009","district":"大同區","depth":15,"level":"low","area":723.322908,"addr":"台北市大同區延平北路2段28號,永樂市場附近"},"geometry":{"type":"Polygon","coordinates":[[[121.511584,25.055564],[121.511633,25.055571],[121.511701,25.054396],[121.51164,25.054391],[121.511584,25.055564]]]}},{"type":"Feature","properties":{"date":"2010/06/21","year":"2010","district":"中山區","depth":15,"level":"low","area":267.694856,"addr":"中山北路2段106號"},"geometry":{"type":"MultiPolygon","coordinates":[[[[121.522788,25.059856],[121.522809,25.060238],[121.522815,25.060304],[121.522812,25.060233],[121.522847,25.060233],[121.522823,25.059858],[121.522788,25.059856]]],[[[121.522815,25.060304],[121.522818,25.060369],[121.522816,25.060569],[121.522865,25.060571],[121.522866,25.060366],[121.52282,25.060367],[121.522815,25.060304]]]]}},{"type":"Feature","properties":{"date":"2011/06/28","year":"2011","district":"內湖區","depth":25,"level":"medium","area":202.790924,"addr":"成功路2段與成功路2段486巷口"},"geometry":{"type":"Polygon","coordinates":[[[121.589532,25.073216],[121.589557,25.073539],[121.589593,25.073534],[121.589563,25.073233],[121.589745,25.073224],[121.589737,25.073107],[121.589698,25.073113],[121.589708,25.073202],[121.589532,25.073216]]]}},{"type":"Feature","properties":{"date":"2012/04/22","year":"2012","district":"北投區","depth":15,"level":"low","area":38.740493,"addr":"石牌路1段39巷86號"},"geometry":{"type":"Polygon","coordinates":[[[121.509613,25.116017],[121.509637,25.116018],[121.509648,25.115862],[121.509627,25.115862],[121.509613,25.116017]]]}},{"type":"Feature","properties":{"date":"2012/04/22","year":"2012","district":"北投區","depth":30,"level":"medium","area":4878.592614,"addr":"文林國小"},"geometry":{"type":"Polygon","coordinates":[[[121.514442,25.104962],[121.514424,25.105102],[121.51484,25.105153],[121.514855,25.105331],[121.515221,25.105644],[121.515907,25.105118],[121.514442,25.104962]]]}},{"type":"Feature","properties":{"date":"2012/04/22","year":"2012","district":"北投區","depth":30,"level":"medium","area":10660.707814,"addr":"中正高中"},"geometry":{"type":"Polygon","coordinates":[[[121.514512,25.104561],[121.51558,25.104671],[121.515691,25.103786],[121.514638,25.103672],[121.514512,25.104561]]]}},{"type":"Feature","properties":{"date":"2012/04/22","year":"2012","district":"北投區","depth":20,"level":"medium","area":273.03988,"addr":"洲美街5巷一帶"},"geometry":{"type":"Polygon","coordinates":[[[121.508538,25.098068],[121.508585,25.098116],[121.508866,25.097953],[121.508795,25.097893],[121.508538,25.098068]]]}},{"type":"Feature","properties":{"date":"2012/04/22","year":"2012","district":"北投區","depth":50,"level":"high","area":742.932041,"addr":"承德路七段393巷(於公館路附近於大業路往河堤入口水門處)"},"geometry":{"type":"Polygon","coordinates":[[[121.499017,25.113272],[121.49907,25.113398],[121.499248,25.113531],[121.499719,25.113803],[121.499755,25.113747],[121.499017,25.113272]]]}},{"type":"Feature","properties":{"date":"2012/04/22","year":"2012","district":"士林區","depth":15,"level":"low","area":564.377887,"addr":"福林路(士林官邸前)"},"geometry":{"type":"Polygon","coordinates":[[[121.529037,25.094413],[121.528334,25.093931],[121.528292,25.093987],[121.528974,25.094432],[121.529037,25.094413]]]}},{"type":"Feature","properties":{"date":"2012/04/22","year":"2012","district":"士林區","depth":20,"level":"medium","area":132.378027,"addr":"至善路二段34號(全家便利商店中影店)"},"geometry":{"type":"Polygon","coordinates":[[[121.544044,25.096949],[121.544134,25.097007],[121.54421,25.09693],[121.544123,25.096865],[121.544044,25.096949]]]}},{"type":"Feature","properties":{"date":"2012/05/02","year":"2012","district":"北投區","depth":15,"level":"low","area":355.050557,"addr":"民族街6-8號、13巷"},"geometry":{"type":"Polygon","coordinates":[[[121.504344,25.132312],[121.504614,25.132155],[121.504683,25.132186],[121.504752,25.132142],[121.504637,25.132055],[121.504312,25.132266],[121.504328,25.132288],[121.504344,25.132312]]]}},{"type":"Feature","properties":{"date":"2000/08/15","year":"2000","district":"大同區","depth":30,"level":"medium","area":888.752031,"addr":"酒泉街,重慶北路一帶"},"geometry":{"type":"Polygon","coordinates":[[[121.513996,25.072166],[121.514014,25.07197],[121.513607,25.071964],[121.513629,25.072179],[121.513996,25.072166]]]}},{"type":"Feature","properties":{"date":"2001/09/17","year":"2001","district":"松山區","depth":150,"level":"severe","area":713773.704142,"addr":"光復北路以西，復興北路、慶城街、敦化北路以東，八德路以北，松山機場以南區域"},"geometry":{"type":"Polygon","coordinates":[[[121.550814,25.061279],[121.554592,25.061973],[121.554698,25.06086],[121.555133,25.058835],[121.555447,25.054586],[121.556663,25.053368],[121.557653,25.051442],[121.55299,25.05146],[121.548994,25.051677],[121.548799,25.057645],[121.550814,25.061279]]]}},{"type":"Feature","properties":{"date":"2012/05/02","year":"2012","district":"士林區","depth":30,"level":"medium","area":7038.117867,"addr":"延平北路八段、九段"},"geometry":{"type":"MultiPolygon","coordinates":[[[[121.481944,25.106014],[121.483988,25.106033],[121.484342,25.105845],[121.484295,25.105709],[121.484165,25.10582],[121.484012,25.10587],[121.484006,25.105872],[121.484005,25.105872],[121.483978,25.10588],[121.481952,25.105912],[121.481944,25.106014]]],[[[121.485484,25.1067],[121.485998,25.106783],[121.486062,25.106417],[121.485539,25.106353],[121.485484,25.1067]]],[[[121.478247,25.105865],[121.477322,25.105876],[121.477323,25.10597],[121.478247,25.105958],[121.478247,25.105865]]],[[[121.478247,25.105865],[121.481943,25.105912],[121.481952,25.105912],[121.481953,25.105904],[121.482961,25.105884],[121.481953,25.105895],[121.478247,25.105865]]],[[[121.482961,25.105884],[121.484005,25.105872],[121.484012,25.10587],[121.484097,25.105835],[121.483988,25.105863],[121.482961,25.105884]]],[[[121.484352,25.105837],[121.48552,25.106351],[121.485539,25.106353],[121.485539,25.106351],[121.484352,25.105837]]],[[[121.484097,25.105835],[121.484155,25.10582],[121.484304,25.105701],[121.484352,25.105837],[121.484304,25.105692],[121.484155,25.105812],[121.484097,25.105835]]]]}},{"type":"Feature","properties":{"date":"2012/05/02","year":"2012","district":"士林區","depth":20,"level":"medium","area":69.65791,"addr":"前港街26巷"},"geometry":{"type":"Polygon","coordinates":[[[121.522173,25.084233],[121.522108,25.084621],[121.522141,25.084621],[121.522173,25.084233]]]}},{"type":"Feature","properties":{"date":"2012/06/12","year":"2012","district":"北投區","depth":50,"level":"high","area":1025.102934,"addr":"大度路中段貴子坑溪往北投方向"},"geometry":{"type":"Polygon","coordinates":[[[121.485997,25.122323],[121.486114,25.122301],[121.485906,25.121525],[121.485795,25.121526],[121.485997,25.122323]]]}},{"type":"Feature","properties":{"date":"2012/06/12","year":"2012","district":"北投區","depth":15,"level":"low","area":236.767759,"addr":"民族街8號"},"geometry":{"type":"Polygon","coordinates":[[[121.504595,25.132135],[121.504676,25.132187],[121.504741,25.132143],[121.504629,25.13206],[121.504317,25.132268],[121.504327,25.132293],[121.504595,25.132135]]]}},{"type":"Feature","properties":{"date":"2012/06/12","year":"2012","district":"大安區","depth":40,"level":"high","area":6350.92301,"addr":"基隆路3段155巷口至長興街口"},"geometry":{"type":"Polygon","coordinates":[[[121.542533,25.01576],[121.544341,25.017286],[121.544541,25.017126],[121.542672,25.015586],[121.542533,25.01576]]]}},{"type":"Feature","properties":{"date":"2012/06/12","year":"2012","district":"信義區","depth":40,"level":"high","area":93627.372823,"addr":"忠孝東路4段553巷松隆路1號至100號"},"geometry":{"type":"Polygon","coordinates":[[[121.56281,25.044588],[121.563583,25.044575],[121.563742,25.044203],[121.563695,25.043294],[121.564928,25.043231],[121.566218,25.043793],[121.569906,25.045772],[121.570644,25.04534],[121.566986,25.04293],[121.565839,25.043052],[121.564387,25.042315],[121.562725,25.042282],[121.56281,25.044588]]]}},{"type":"Feature","properties":{"date":"2012/06/12","year":"2012","district":"信義區","depth":30,"level":"medium","area":1576.537459,"addr":"信義路5段150巷401弄"},"geometry":{"type":"Polygon","coordinates":[[[121.569784,25.024962],[121.56994,25.025036],[121.570334,25.024367],[121.570225,25.024214],[121.569784,25.024962]]]}},{"type":"Feature","properties":{"date":"2012/06/12","year":"2012","district":"南港區","depth":20,"level":"medium","area":1276.392195,"addr":"東新街230號前"},"geometry":{"type":"Polygon","coordinates":[[[121.594099,25.047627],[121.594215,25.047627],[121.594191,25.047252],[121.594037,25.046786],[121.593545,25.046518],[121.593509,25.046571],[121.593958,25.046819],[121.594105,25.047272],[121.594099,25.047627]]]}},{"type":"Feature","properties":{"date":"2012/06/12","year":"2012","district":"文山區","depth":45,"level":"high","area":27990.580522,"addr":"福興路"},"geometry":{"type":"Polygon","coordinates":[[[121.548466,25.00419],[121.54981,25.004447],[121.551735,25.003071],[121.552044,25.002637],[121.551999,25.001845],[121.551724,25.001948],[121.551807,25.002194],[121.551732,25.002456],[121.551422,25.002676],[121.550129,25.00351],[121.549853,25.003479],[121.549413,25.003512],[121.54898,25.00361],[121.548628,25.003804],[121.54853,25.004045],[121.548466,25.00419]]]}},{"type":"Feature","properties":{"date":"2012/06/12","year":"2012","district":"文山區","depth":30,"level":"medium","area":17990.091413,"addr":"興德路一帶"},"geometry":{"type":"Polygon","coordinates":[[[121.554551,25.001071],[121.554811,25.000986],[121.554979,25.001047],[121.55504,25.001142],[121.555151,25.001097],[121.55536,25.001261],[121.555612,25.001267],[121.555737,25.001613],[121.555938,25.001794],[121.556685,25.001657],[121.556851,25.001069],[121.556271,25.001061],[121.55543,25.000765],[121.555369,25.000648],[121.556239,25.000179],[121.555953,24.999775],[121.555849,24.99983],[121.556011,25.000081],[121.555464,25.000364],[121.555359,25.000116],[121.555251,25.000164],[121.555364,25.000397],[121.554877,25.000632],[121.554801,25.00057],[121.554622,25.000655],[121.554662,25.000717],[121.554434,25.000827],[121.554551,25.001071]]]}},{"type":"Feature","properties":{"date":"2012/06/12","year":"2012","district":"文山區","depth":30,"level":"medium","area":1012.710211,"addr":"辛亥路4段166巷～188巷24弄"},"geometry":{"type":"Polygon","coordinates":[[[121.556329,25.003812],[121.556398,25.003763],[121.556203,25.003449],[121.556123,25.003491],[121.556196,25.003657],[121.556099,25.003801],[121.556043,25.003874],[121.556008,25.003879],[121.555987,25.003889],[121.555968,25.003915],[121.555953,25.003967],[121.555974,25.003988],[121.555905,25.004092],[121.555973,25.004139],[121.55627,25.003733],[121.556305,25.003782],[121.556329,25.003812]]]}},{"type":"Feature","properties":{"date":"2012/06/12","year":"2012","district":"文山區","depth":50,"level":"high","area":5226.049809,"addr":"萬芳路木柵路口"},"geometry":{"type":"Polygon","coordinates":[[[121.570752,24.995386],[121.571009,24.995498],[121.571247,24.995261],[121.571726,24.995026],[121.571619,24.994253],[121.570752,24.995386]]]}},{"type":"Feature","properties":{"date":"2012/06/12","year":"2012","district":"文山區","depth":20,"level":"medium","area":2137.591703,"addr":"老泉街26巷1號"},"geometry":{"type":"Polygon","coordinates":[[[121.559455,24.975696],[121.559576,24.975634],[121.559678,24.975605],[121.560277,24.975337],[121.560373,24.975292],[121.560425,24.975219],[121.56043,24.975099],[121.56032,24.974991],[121.560131,24.975156],[121.560027,24.975239],[121.559831,24.97535],[121.559679,24.975447],[121.55957,24.975543],[121.559501,24.975601],[121.559432,24.97565],[121.559455,24.975696]]]}},{"type":"Feature","properties":{"date":"2012/06/12","year":"2012","district":"文山區","depth":30,"level":"medium","area":246.929306,"addr":"老泉街4-1號"},"geometry":{"type":"Polygon","coordinates":[[[121.556505,24.976049],[121.556768,24.976102],[121.556787,24.976012],[121.556528,24.975977],[121.556505,24.976049]]]}},{"type":"Feature","properties":{"date":"2012/06/12","year":"2012","district":"文山區","depth":15,"level":"low","area":452.71327,"addr":"保儀路13巷口"},"geometry":{"type":"Polygon","coordinates":[[[121.568635,24.988405],[121.568977,24.98845],[121.568999,24.988342],[121.568652,24.988284],[121.568635,24.988405]]]}},{"type":"Feature","properties":{"date":"2012/06/16","year":"2012","district":"中山區","depth":30,"level":"medium","area":2099.485333,"addr":"中山北路2段與錦西街交叉口"},"geometry":{"type":"Polygon","coordinates":[[[121.522743,25.060237],[121.522822,25.060237],[121.522757,25.058007],[121.522667,25.058008],[121.522743,25.060237]]]}},{"type":"Feature","properties":{"date":"2012/06/16","year":"2012","district":"中山區","depth":15,"level":"low","area":4642.781234,"addr":"中山北路3段（美術館對側－原酒泉街至民族西路口)"},"geometry":{"type":"Polygon","coordinates":[[[121.523178,25.07067],[121.523377,25.070624],[121.522811,25.068521],[121.522638,25.068558],[121.523178,25.07067]]]}},{"type":"Feature","properties":{"date":"2012/06/16","year":"2012","district":"大安區","depth":50,"level":"high","area":1219.001999,"addr":"基隆路3段155巷128號"},"geometry":{"type":"Polygon","coordinates":[[[121.547531,25.011917],[121.547693,25.011745],[121.547461,25.011493],[121.547176,25.011731],[121.547531,25.011917]]]}},{"type":"Feature","properties":{"date":"2012/06/16","year":"2012","district":"大同區","depth":15,"level":"low","area":2132.57185,"addr":"赤峰街33巷、53巷、71巷"},"geometry":{"type":"MultiPolygon","coordinates":[[[[121.519697,25.05623],[121.520436,25.056185],[121.520431,25.056093],[121.519706,25.05612],[121.519697,25.05623]]],[[[121.519393,25.054203],[121.519403,25.05427],[121.520307,25.054073],[121.520345,25.054693],[121.520307,25.054065],[121.520316,25.054006],[121.519393,25.054203]]],[[[121.520436,25.056165],[121.520436,25.056185],[121.520436,25.056202],[121.520456,25.056581],[121.519727,25.0566],[121.519718,25.056676],[121.520466,25.056648],[121.520436,25.056165]]],[[[121.520345,25.054693],[121.520431,25.056093],[121.520432,25.056093],[121.520345,25.054693]]],[[[121.520432,25.056093],[121.520436,25.056165],[121.520436,25.056093],[121.520432,25.056093]]]]}},{"type":"Feature","properties":{"date":"2012/06/16","year":"2012","district":"文山區","depth":50,"level":"high","area":37034.546866,"addr":"福興路63、95巷一帶"},"geometry":{"type":"Polygon","coordinates":[[[121.551748,25.001951],[121.551819,25.002202],[121.5517,25.00246],[121.551397,25.002674],[121.550143,25.003516],[121.549754,25.003479],[121.549393,25.003532],[121.548948,25.003636],[121.548652,25.003818],[121.548449,25.004179],[121.548443,25.004482],[121.548699,25.004868],[121.54901,25.004732],[121.5492,25.004679],[121.549391,25.004704],[121.549724,25.00471],[121.549988,25.003781],[121.550186,25.003651],[121.55047,25.003959],[121.551696,25.003149],[121.55271,25.002128],[121.552496,25.001658],[121.551748,25.001951]]]}},{"type":"Feature","properties":{"date":"2012/06/16","year":"2012","district":"文山區","depth":40,"level":"high","area":32131.818938,"addr":"興德路20巷、21巷、53巷一帶"},"geometry":{"type":"Polygon","coordinates":[[[121.554614,25.000726],[121.55472,25.000913],[121.555016,25.000816],[121.555569,25.000964],[121.556045,25.00221],[121.556487,25.002009],[121.556473,25.001892],[121.556687,25.001812],[121.556709,25.001658],[121.556889,25.001088],[121.556987,25.000513],[121.557071,24.999955],[121.557047,24.999497],[121.556427,24.999862],[121.555917,25.000147],[121.555402,25.000432],[121.554614,25.000726]]]}},{"type":"Feature","properties":{"date":"2012/06/16","year":"2012","district":"文山區","depth":40,"level":"high","area":678.848895,"addr":"辛亥路4段與興隆路交叉口"},"geometry":{"type":"Polygon","coordinates":[[[121.556097,25.003876],[121.556009,25.004007],[121.555904,25.004163],[121.555885,25.004179],[121.555864,25.004177],[121.555512,25.003942],[121.555479,25.003997],[121.555949,25.004289],[121.555954,25.004278],[121.555954,25.004268],[121.555992,25.004178],[121.556162,25.003911],[121.556097,25.003876]]]}},{"type":"Feature","properties":{"date":"2012/06/16","year":"2012","district":"文山區","depth":60,"level":"high","area":1796.017414,"addr":"老泉街26巷"},"geometry":{"type":"Polygon","coordinates":[[[121.559376,24.975662],[121.559417,24.975719],[121.559574,24.975635],[121.559687,24.975598],[121.559976,24.97547],[121.56019,24.97536],[121.560265,24.975309],[121.560302,24.975268],[121.560345,24.9752],[121.560342,24.975153],[121.560331,24.9751],[121.560236,24.97506],[121.560137,24.975155],[121.560058,24.975218],[121.559899,24.97531],[121.559777,24.975382],[121.559657,24.975462],[121.559598,24.975518],[121.559529,24.975575],[121.559477,24.975619],[121.559438,24.975645],[121.559376,24.975662]]]}},{"type":"Feature","properties":{"date":"2012/06/16","year":"2012","district":"文山區","depth":40,"level":"high","area":394.968752,"addr":"興隆路3段304巷"},"geometry":{"type":"Polygon","coordinates":[[[121.556083,24.995822],[121.556142,24.995905],[121.556216,24.995867],[121.556252,24.995803],[121.556251,24.995524],[121.556156,24.995551],[121.556162,24.995777],[121.556133,24.995803],[121.556083,24.995822]]]}},{"type":"Feature","properties":{"date":"2012/08/12","year":"2012","district":"萬華區","depth":20,"level":"medium","area":1491.689529,"addr":"萬大路237巷及10弄"},"geometry":{"type":"Polygon","coordinates":[[[121.500623,25.02633],[121.500623,25.026411],[121.501126,25.026402],[121.501113,25.025481],[121.501029,25.025481],[121.501033,25.02571],[121.500799,25.025716],[121.500805,25.02575],[121.501033,25.025747],[121.50104,25.02601],[121.500743,25.026014],[121.50074,25.026066],[121.501038,25.026055],[121.501041,25.026291],[121.501018,25.026326],[121.500773,25.026324],[121.500623,25.02633]]]}},{"type":"Feature","properties":{"date":"2013/05/11","year":"2013","district":"松山區","depth":95,"level":"severe","area":1525.43525,"addr":"撫遠街430巷21號及濱江街866巷4號附近"},"geometry":{"type":"Polygon","coordinates":[[[121.557187,25.071294],[121.557221,25.071319],[121.557251,25.07137],[121.557284,25.071381],[121.55734,25.071409],[121.557376,25.071427],[121.557458,25.071455],[121.557486,25.071457],[121.557788,25.071314],[121.557805,25.07125],[121.557769,25.071178],[121.557726,25.071136],[121.557683,25.07113],[121.557418,25.071175],[121.557276,25.07118],[121.557217,25.071192],[121.557187,25.071294]]]}},{"type":"Feature","properties":{"date":"2013/08/14","year":"2013","district":"中山區","depth":30,"level":"medium","area":3390.007376,"addr":"錦西街8~20號至中山北路二段92~102號"},"geometry":{"type":"Polygon","coordinates":[[[121.521301,25.060477],[121.522849,25.060438],[121.52282,25.059166],[121.522777,25.059166],[121.522756,25.059282],[121.522742,25.059902],[121.522763,25.060296],[121.521301,25.060348],[121.521301,25.060477]]]}},{"type":"Feature","properties":{"date":"2013/08/23","year":"2013","district":"中正區","depth":20,"level":"medium","area":2695.63339,"addr":"懷寧街(衡陽街至寶慶路至凱達格蘭大道)"},"geometry":{"type":"Polygon","coordinates":[[[121.513978,25.042338],[121.514078,25.042331],[121.513985,25.040703],[121.513914,25.040083],[121.513835,25.040102],[121.513871,25.040929],[121.5139,25.041136],[121.513978,25.042338]]]}},{"type":"Feature","properties":{"date":"2013/08/30","year":"2013","district":"中山區","depth":40,"level":"high","area":1916.624666,"addr":"錦西街4-1號至中山北路二段98號"},"geometry":{"type":"Polygon","coordinates":[[[121.522257,25.060444],[121.522777,25.060444],[121.52277,25.060599],[121.522856,25.060612],[121.522856,25.060438],[121.522834,25.059359],[121.522734,25.059359],[121.522791,25.060309],[121.52225,25.060309],[121.522257,25.060444]]]}},{"type":"Feature","properties":{"date":"2013/08/23","year":"2013","district":"松山區","depth":40,"level":"high","area":2753.606001,"addr":"濱江街180巷8號至9號之間"},"geometry":{"type":"Polygon","coordinates":[[[121.538413,25.071105],[121.538603,25.071095],[121.538591,25.069916],[121.538365,25.069916],[121.538413,25.071105]]]}},{"type":"Feature","properties":{"date":"2013/08/14","year":"2013","district":"士林區","depth":15,"level":"low","area":806.712293,"addr":"延平北路五段4至38號"},"geometry":{"type":"Polygon","coordinates":[[[121.510969,25.080095],[121.511048,25.08014],[121.511319,25.079352],[121.511233,25.079332],[121.510969,25.080095]]]}},{"type":"Feature","properties":{"date":"2013/08/14","year":"2013","district":"大同區","depth":15,"level":"low","area":2082.59593,"addr":"重慶北路三段169~221號間"},"geometry":{"type":"Polygon","coordinates":[[[121.513941,25.069167],[121.513808,25.069167],[121.513827,25.070541],[121.513965,25.070545],[121.513941,25.069167]]]}},{"type":"Feature","properties":{"date":"2013/08/23","year":"2013","district":"大同區","depth":25,"level":"medium","area":3755.421869,"addr":"赤峰街71~53巷間"},"geometry":{"type":"Polygon","coordinates":[[[121.519736,25.056714],[121.520468,25.056675],[121.520425,25.056214],[121.519693,25.056262],[121.519736,25.056714]]]}},{"type":"Feature","properties":{"date":"2013/08/21","year":"2013","district":"北投區","depth":30,"level":"medium","area":851.318621,"addr":"承德路七段401巷171號至173號"},"geometry":{"type":"Polygon","coordinates":[[[121.500853,25.118988],[121.500972,25.118859],[121.500782,25.118385],[121.500663,25.118385],[121.500853,25.118988]]]}},{"type":"Feature","properties":{"date":"2014/05/20","year":"2014","district":"大安區","depth":15,"level":"low","area":202.428973,"addr":"辛亥路三段284巷8-12號"},"geometry":{"type":"Polygon","coordinates":[[[121.55158,25.014755],[121.551687,25.014901],[121.551759,25.014845],[121.551647,25.014678],[121.55158,25.014755]]]}},{"type":"Feature","properties":{"date":"2014/06/25","year":"2014","district":"文山區","depth":15,"level":"low","area":542.610229,"addr":"興德路6巷全"},"geometry":{"type":"Polygon","coordinates":[[[121.546299,25.035683],[121.546539,25.035682],[121.546534,25.035476],[121.546312,25.035469],[121.546299,25.035683]]]}},{"type":"Feature","properties":{"date":"2014/06/25","year":"2014","district":"文山區","depth":15,"level":"low","area":542.610229,"addr":"興德路口至興德路20巷2號"},"geometry":{"type":"Polygon","coordinates":[[[121.546299,25.035683],[121.546539,25.035682],[121.546534,25.035476],[121.546312,25.035469],[121.546299,25.035683]]]}},{"type":"Feature","properties":{"date":"2014/05/21","year":"2014","district":"松山區","depth":15,"level":"low","area":542.610229,"addr":"濱江街180巷"},"geometry":{"type":"Polygon","coordinates":[[[121.546299,25.035683],[121.546539,25.035682],[121.546534,25.035476],[121.546312,25.035469],[121.546299,25.035683]]]}},{"type":"Feature","properties":{"date":"2015/06/14","year":"2015","district":"大安區","depth":15,"level":"low","area":1420.039032,"addr":"和平東路2段265巷"},"geometry":{"type":"Polygon","coordinates":[[[121.544006,25.027724],[121.54412,25.02772],[121.544086,25.026493],[121.543994,25.026493],[121.544006,25.027724]]]}},{"type":"Feature","properties":{"date":"2015/06/14","year":"2015","district":"大安區","depth":15,"level":"low","area":1131.851299,"addr":"復興南路2段151巷30弄"},"geometry":{"type":"Polygon","coordinates":[[[121.545082,25.028393],[121.545618,25.028362],[121.545613,25.028274],[121.545377,25.028286],[121.545318,25.027621],[121.545234,25.027625],[121.545301,25.02829],[121.545073,25.028309],[121.545082,25.028393]]]}},{"type":"Feature","properties":{"date":"2015/06/14","year":"2015","district":"大安區","depth":15,"level":"low","area":2133.74464,"addr":"四維路208巷、216巷"},"geometry":{"type":"Polygon","coordinates":[[[121.546731,25.02592],[121.546769,25.026398],[121.547912,25.026344],[121.547912,25.026287],[121.546841,25.026325],[121.546815,25.026004],[121.547887,25.025943],[121.547887,25.02587],[121.546731,25.02592]]]}},{"type":"Feature","properties":{"date":"2015/06/07","year":"2015","district":"文山區","depth":20,"level":"medium","area":1502.78898,"addr":"新光路1段183號"},"geometry":{"type":"Polygon","coordinates":[[[121.573687,24.993246],[121.573893,24.993269],[121.573843,24.992631],[121.573623,24.992612],[121.573687,24.993246]]]}},{"type":"Feature","properties":{"date":"2015/06/07","year":"2015","district":"文山區","depth":40,"level":"high","area":1366.361476,"addr":"木柵路2段7巷"},"geometry":{"type":"Polygon","coordinates":[[[121.558835,24.989626],[121.559075,24.989473],[121.55948,24.989312],[121.559451,24.989236],[121.559075,24.989377],[121.559088,24.988808],[121.558995,24.9888],[121.558982,24.989412],[121.558885,24.989461],[121.55878,24.989561],[121.558835,24.989626]]]}},{"type":"Feature","properties":{"date":"2015/06/14","year":"2015","district":"中正區","depth":30,"level":"medium","area":3719.769266,"addr":"汀洲路3段86號至136號"},"geometry":{"type":"Polygon","coordinates":[[[121.532312,25.015091],[121.53453,25.013517],[121.534437,25.013433],[121.532219,25.015007],[121.532312,25.015091]]]}},{"type":"Feature","properties":{"date":"2015/06/14","year":"2015","district":"大安區","depth":30,"level":"medium","area":1064.16187,"addr":"空軍退休宿舍"},"geometry":{"type":"Polygon","coordinates":[[[121.547878,25.013597],[121.548144,25.013543],[121.548034,25.013226],[121.547798,25.013253],[121.547811,25.013517],[121.547878,25.013597]]]}},{"type":"Feature","properties":{"date":"2015/06/14","year":"2015","district":"大安區","depth":50,"level":"high","area":1392.361387,"addr":"義芳居前"},"geometry":{"type":"Polygon","coordinates":[[[121.547435,25.011934],[121.547697,25.011819],[121.547376,25.011468],[121.547157,25.011774],[121.547435,25.011934]]]}},{"type":"Feature","properties":{"date":"2015/06/14","year":"2015","district":"大安區","depth":50,"level":"high","area":6467.737592,"addr":"基隆路2段與長興街口"},"geometry":{"type":"Polygon","coordinates":[[[121.544297,25.017278],[121.544533,25.017125],[121.542669,25.015611],[121.542517,25.015772],[121.544297,25.017278]]]}},{"type":"Feature","properties":{"date":"2015/06/14","year":"2015","district":"大安區","depth":30,"level":"medium","area":19670.991749,"addr":"辛亥路3段300號"},"geometry":{"type":"Polygon","coordinates":[[[121.552337,25.014476],[121.552898,25.014048],[121.553505,25.013417],[121.553552,25.013234],[121.553265,25.012985],[121.552885,25.01253],[121.552615,25.012752],[121.55194,25.013475],[121.551902,25.013765],[121.551966,25.014086],[121.552337,25.014476]]]}},{"type":"Feature","properties":{"date":"2015/06/14","year":"2015","district":"大安區","depth":30,"level":"medium","area":2294.226369,"addr":"臺北市第二殯儀館前"},"geometry":{"type":"Polygon","coordinates":[[[121.551822,25.014942],[121.552472,25.01453],[121.552792,25.014281],[121.553176,25.013941],[121.553531,25.013566],[121.55345,25.013501],[121.55324,25.013719],[121.552995,25.013983],[121.552653,25.014281],[121.552354,25.014491],[121.551772,25.014881],[121.551822,25.014942]]]}},{"type":"Feature","properties":{"date":"2015/06/14","year":"2015","district":"大安區","depth":15,"level":"low","area":15793.111177,"addr":"基隆路3段155巷107弄"},"geometry":{"type":"Polygon","coordinates":[[[121.546077,25.014725],[121.546837,25.014239],[121.546752,25.014098],[121.546655,25.013937],[121.546415,25.013719],[121.546157,25.013513],[121.545748,25.013184],[121.545035,25.013926],[121.546077,25.014725]]]}},{"type":"Feature","properties":{"date":"2015/07/23","year":"2015","district":"大同區","depth":30,"level":"medium","area":40157.480725,"addr":"延平北路與酒泉街口"},"geometry":{"type":"Polygon","coordinates":[[[121.511317,25.073649],[121.512783,25.073599],[121.512708,25.072117],[121.512347,25.072131],[121.512331,25.071769],[121.512102,25.071675],[121.511919,25.07132],[121.510853,25.07132],[121.510873,25.07207],[121.50999,25.072099],[121.50999,25.072221],[121.510984,25.072207],[121.511317,25.073649]]]}},{"type":"Feature","properties":{"date":"2015/07/23","year":"2015","district":"大同區","depth":35,"level":"high","area":46077.805681,"addr":"重慶北路3段"},"geometry":{"type":"Polygon","coordinates":[[[121.513354,25.072189],[121.514923,25.072131],[121.514923,25.071643],[121.514004,25.071657],[121.513798,25.063015],[121.513417,25.063029],[121.513592,25.071241],[121.513243,25.071241],[121.513275,25.071385],[121.513623,25.071356],[121.513607,25.072031],[121.513322,25.072031],[121.513354,25.072189]]]}},{"type":"Feature","properties":{"date":"2015/07/23","year":"2015","district":"大同區","depth":20,"level":"medium","area":65389.490334,"addr":"承德路2段、萬全街、雙連街"},"geometry":{"type":"Polygon","coordinates":[[[121.518307,25.060265],[121.520447,25.060387],[121.520573,25.057688],[121.518267,25.057702],[121.518307,25.060265]]]}},{"type":"Feature","properties":{"date":"2015/07/23","year":"2015","district":"大同區","depth":20,"level":"medium","area":5286.818588,"addr":"赤峰街71巷、53巷"},"geometry":{"type":"Polygon","coordinates":[[[121.52047,25.056672],[121.520466,25.056101],[121.519626,25.05613],[121.519626,25.056683],[121.52047,25.056672]]]}},{"type":"Feature","properties":{"date":"2015/07/23","year":"2015","district":"大同區","depth":20,"level":"medium","area":17063.427917,"addr":"南京西路、天水路"},"geometry":{"type":"Polygon","coordinates":[[[121.512288,25.053969],[121.514245,25.054091],[121.514277,25.053632],[121.512684,25.052605],[121.512645,25.053919],[121.512312,25.053862],[121.512288,25.053969]]]}},{"type":"Feature","properties":{"date":"2015/08/08","year":"2015","district":"北投區","depth":50,"level":"high","area":1328.074952,"addr":"洲美街5巷至55巷"},"geometry":{"type":"Polygon","coordinates":[[[121.507695,25.098619],[121.507703,25.098637],[121.50886,25.097955],[121.508793,25.097884],[121.507652,25.098573],[121.507695,25.098619]]]}},{"type":"Feature","properties":{"date":"2015/08/08","year":"2015","district":"北投區","depth":30,"level":"medium","area":655.237729,"addr":"承德路7段401巷"},"geometry":{"type":"Polygon","coordinates":[[[121.500242,25.115469],[121.50029,25.115368],[121.499822,25.115038],[121.499814,25.11516],[121.500242,25.115469]]]}},{"type":"Feature","properties":{"date":"2015/08/08","year":"2015","district":"北投區","depth":30,"level":"medium","area":1021.087337,"addr":"承德路7段401巷"},"geometry":{"type":"Polygon","coordinates":[[[121.500155,25.117987],[121.500179,25.117901],[121.49964,25.117837],[121.499616,25.117571],[121.499505,25.117571],[121.499521,25.117923],[121.500155,25.117987]]]}},{"type":"Feature","properties":{"date":"2015/08/08","year":"2015","district":"中山區","depth":30,"level":"medium","area":4192.272046,"addr":"大直橋下明水路"},"geometry":{"type":"Polygon","coordinates":[[[121.542502,25.077673],[121.544156,25.077583],[121.544224,25.077349],[121.542476,25.077464],[121.542502,25.077673]]]}},{"type":"Feature","properties":{"date":"2015/08/08","year":"2015","district":"北投區","depth":30,"level":"medium","area":4187.251413,"addr":"貴子坑溪過大度路1段車行地下道"},"geometry":{"type":"Polygon","coordinates":[[[121.486065,25.122437],[121.486369,25.122444],[121.486192,25.121367],[121.485796,25.121374],[121.486065,25.122437]]]}},{"type":"Feature","properties":{"date":"2015/08/08","year":"2015","district":"大安區","depth":50,"level":"high","area":456.518789,"addr":"辛亥路284巷底"},"geometry":{"type":"Polygon","coordinates":[[[121.549609,25.014372],[121.549802,25.014338],[121.55005,25.014428],[121.550087,25.014361],[121.549926,25.014264],[121.549596,25.01429],[121.549609,25.014372]]]}},{"type":"Feature","properties":{"date":"2015/08/08","year":"2015","district":"文山區","depth":60,"level":"high","area":3568.930111,"addr":"景美公園"},"geometry":{"type":"Polygon","coordinates":[[[121.537506,24.992312],[121.537688,24.992277],[121.536991,24.990505],[121.536861,24.990611],[121.537506,24.992312]]]}},{"type":"Feature","properties":{"date":"2015/08/08","year":"2015","district":"文山區","depth":30,"level":"medium","area":6088.390042,"addr":"光輝路"},"geometry":{"type":"Polygon","coordinates":[[[121.555003,24.987392],[121.555088,24.987392],[121.555016,24.986718],[121.554984,24.98668],[121.55498,24.986647],[121.55498,24.986615],[121.554967,24.986603],[121.55497,24.986577],[121.555003,24.985915],[121.554918,24.985903],[121.554899,24.986287],[121.553882,24.985974],[121.553758,24.986015],[121.554847,24.98637],[121.554899,24.986671],[121.554593,24.986712],[121.554534,24.986488],[121.55338,24.98611],[121.553335,24.98621],[121.554449,24.986541],[121.554514,24.986718],[121.55441,24.986742],[121.55441,24.986819],[121.554892,24.986748],[121.554938,24.987002],[121.554514,24.986996],[121.554501,24.987067],[121.554671,24.987067],[121.554664,24.987144],[121.554521,24.987138],[121.554495,24.987179],[121.554658,24.987179],[121.554684,24.98725],[121.554404,24.987279],[121.554391,24.987327],[121.554984,24.987339],[121.555003,24.987392]]]}},{"type":"Feature","properties":{"date":"2015/08/08","year":"2015","district":"文山區","depth":80,"level":"severe","area":1018.537439,"addr":"光輝路"},"geometry":{"type":"Polygon","coordinates":[[[121.554964,24.986692],[121.55512,24.986645],[121.555378,24.986512],[121.555808,24.986278],[121.555736,24.986187],[121.55544,24.986361],[121.555202,24.986515],[121.554948,24.986591],[121.554964,24.986692]]]}},{"type":"Feature","properties":{"date":"2015/08/08","year":"2015","district":"文山區","depth":60,"level":"high","area":76280.979279,"addr":"溪州街"},"geometry":{"type":"Polygon","coordinates":[[[121.535622,25.005861],[121.535701,25.005743],[121.535492,25.005117],[121.535036,25.004975],[121.535648,25.003333],[121.536756,25.003498],[121.536939,25.002093],[121.536404,25.000002],[121.535518,25.00012],[121.535531,24.998868],[121.536443,24.998419],[121.535596,24.997403],[121.535257,24.999187],[121.535349,25.000841],[121.535544,25.003274],[121.534971,25.004833],[121.534241,25.006026],[121.53484,25.006168],[121.535622,25.005861]]]}},{"type":"Feature","properties":{"date":"2017/06/02","year":"2017","district":"北投區","depth":30,"level":"medium","area":420.0,"addr":"幽雅路、溫泉路口"},"geometry":{"type":"Polygon","coordinates":[[[121.511751,25.136871],[121.511742,25.136867],[121.51174,25.136866],[121.51174,25.136869],[121.511727,25.136934],[121.511886,25.136978],[121.511904,25.137036],[121.512019,25.137097],[121.512049,25.137059],[121.511947,25.136982],[121.512101,25.136954],[121.512092,25.136905],[121.511829,25.136903],[121.511775,25.136881],[121.511751,25.136871]]]}},{"type":"Feature","properties":{"date":"2017/06/02","year":"2017","district":"北投區","depth":30,"level":"medium","area":11300.0,"addr":"承德路七段393巷99號"},"geometry":{"type":"Polygon","coordinates":[[[121.501343,25.119437],[121.501424,25.119374],[121.501075,25.11901],[121.500882,25.118757],[121.500748,25.118451],[121.500726,25.11814],[121.500716,25.117815],[121.500742,25.11696],[121.500759,25.116494],[121.500791,25.115852],[121.500796,25.115512],[121.500785,25.115163],[121.500812,25.114808],[121.500796,25.114658],[121.500769,25.11457],[121.5007,25.114405],[121.500614,25.114308],[121.500496,25.114172],[121.500292,25.114021],[121.500077,25.1139],[121.499718,25.113706],[121.499353,25.113482],[121.499283,25.11356],[121.499519,25.113696],[121.499873,25.11389],[121.500083,25.113987],[121.500335,25.114157],[121.500506,25.114308],[121.500603,25.114434],[121.5007,25.114585],[121.500721,25.114706],[121.50071,25.115342],[121.500673,25.11662],[121.500614,25.118116],[121.500667,25.118466],[121.500721,25.118616],[121.500753,25.118699],[121.50086,25.118893],[121.500973,25.119053],[121.501139,25.119218],[121.501333,25.119437],[121.501343,25.119437]]]}},{"type":"Feature","properties":{"date":"2017/06/02","year":"2017","district":"士林區","depth":30,"level":"medium","area":4090.0,"addr":"中正路187 、201、213、223、235巷"},"geometry":{"type":"Polygon","coordinates":[[[121.525714,25.095276],[121.526473,25.095456],[121.527195,25.095627],[121.527618,25.095727],[121.527661,25.095635],[121.527328,25.095567],[121.527516,25.094561],[121.527447,25.094542],[121.527232,25.095533],[121.526915,25.095475],[121.527082,25.094581],[121.527017,25.094557],[121.526997,25.094649],[121.52683,25.095441],[121.526594,25.095382],[121.526559,25.09538],[121.526591,25.095264],[121.526598,25.0952],[121.526567,25.095213],[121.52649,25.095382],[121.526313,25.095349],[121.526379,25.09505],[121.526376,25.095019],[121.526313,25.095019],[121.526234,25.095315],[121.525985,25.095254],[121.526065,25.095023],[121.526092,25.09493],[121.5261,25.094907],[121.526001,25.094894],[121.525898,25.095234],[121.525742,25.095189],[121.525711,25.095275],[121.525714,25.095276]]]}},{"type":"Feature","properties":{"date":"2017/06/02","year":"2017","district":"士林區","depth":25,"level":"medium","area":9630.0,"addr":"中山北路5段、福林路口"},"geometry":{"type":"Polygon","coordinates":[[[121.527827,25.095417],[121.527827,25.095421],[121.528187,25.09545],[121.528278,25.095033],[121.528316,25.094668],[121.528257,25.09411],[121.52823,25.093969],[121.530075,25.095135],[121.530097,25.095033],[121.52947,25.094626],[121.529262,25.094491],[121.528337,25.093891],[121.527843,25.093633],[121.527951,25.094352],[121.527967,25.094707],[121.527843,25.095382],[121.527827,25.095417]]]}},{"type":"Feature","properties":{"date":"2006/08/27","year":"2006","district":"文山區","depth":40,"level":"high","area":45947.113885,"addr":"木新路、保儀路口附近地區"},"geometry":{"type":"Polygon","coordinates":[[[121.567353,24.985658],[121.567542,24.985692],[121.568043,24.985621],[121.568184,24.985569],[121.56805,24.985164],[121.567871,24.985208],[121.567861,24.985139],[121.567275,24.985236],[121.567303,24.985081],[121.567105,24.985125],[121.567,24.984944],[121.567046,24.984781],[121.567339,24.984659],[121.56731,24.984573],[121.56681,24.984713],[121.56622,24.983905],[121.566578,24.983671],[121.566711,24.983852],[121.566824,24.983791],[121.566682,24.983602],[121.566766,24.98336],[121.567088,24.98348],[121.567153,24.983324],[121.566822,24.983214],[121.566896,24.983024],[121.566802,24.982981],[121.566699,24.98318],[121.565421,24.982719],[121.565524,24.982461],[121.565382,24.982401],[121.565279,24.982668],[121.564295,24.982414],[121.56436,24.982224],[121.564246,24.98219],[121.564172,24.982397],[121.563888,24.982338],[121.563851,24.982484],[121.564163,24.982561],[121.564042,24.98294],[121.564137,24.983103],[121.564468,24.98318],[121.564629,24.983127],[121.565651,24.983416],[121.565746,24.983554],[121.565445,24.983874],[121.565683,24.984364],[121.566259,24.984163],[121.566649,24.984705],[121.566188,24.985051],[121.566123,24.98537],[121.566341,24.985464],[121.566361,24.985705],[121.566115,24.985757],[121.566126,24.985956],[121.565899,24.985982],[121.566069,24.986042],[121.566787,24.985988],[121.567353,24.985658]]]}},{"type":"Feature","properties":{"date":"2017/06/02","year":"2017","district":"士林區","depth":40,"level":"high","area":97800.0,"addr":"延平北路8段80巷口至135號"},"geometry":{"type":"Polygon","coordinates":[[[121.480218,25.10601],[121.483694,25.105971],[121.483453,25.107391],[121.483464,25.107398],[121.483837,25.107484],[121.484254,25.107579],[121.486495,25.108089],[121.486902,25.105534],[121.485207,25.105117],[121.485561,25.104796],[121.485379,25.104767],[121.48407,25.105816],[121.482031,25.105895],[121.482058,25.105424],[121.482074,25.105273],[121.481988,25.10529],[121.481964,25.105536],[121.481339,25.105569],[121.481313,25.105427],[121.481216,25.105389],[121.481173,25.105865],[121.480229,25.105855],[121.480218,25.10601]]]}},{"type":"Feature","properties":{"date":"2017/06/02","year":"2017","district":"士林區","depth":40,"level":"high","area":1890.0,"addr":"美德街1至57號"},"geometry":{"type":"Polygon","coordinates":[[[121.52492,25.096271],[121.525427,25.094302],[121.525349,25.094283],[121.52507,25.095393],[121.524917,25.095983],[121.524853,25.096248],[121.52492,25.096271]]]}},{"type":"Feature","properties":{"date":"2017/06/02","year":"2017","district":"大同區","depth":25,"level":"medium","area":29700.0,"addr":"承德路與民生西路口"},"geometry":{"type":"Polygon","coordinates":[[[121.518048,25.061225],[121.51807,25.061225],[121.51837,25.061225],[121.518391,25.060369],[121.518348,25.057522],[121.520494,25.057755],[121.520365,25.057561],[121.518327,25.057318],[121.518306,25.056355],[121.517855,25.056501],[121.517823,25.05724],[121.51734,25.057211],[121.517168,25.057405],[121.517984,25.057677],[121.518048,25.059699],[121.518048,25.061225]]]}},{"type":"Feature","properties":{"date":"2017/06/02","year":"2017","district":"內湖區","depth":20,"level":"medium","area":17700.0,"addr":"環山路1段136巷8弄、12弄、26弄"},"geometry":{"type":"Polygon","coordinates":[[[121.56757,25.08811],[121.567613,25.088122],[121.56828,25.088201],[121.569163,25.086385],[121.567859,25.086376],[121.567875,25.087838],[121.567601,25.087815],[121.567598,25.087882],[121.567877,25.087902],[121.567861,25.088065],[121.567582,25.088045],[121.56757,25.08811]]]}},{"type":"Feature","properties":{"date":"2007/10/06","year":"2007","district":"北投區","depth":15,"level":"low","area":953.649926,"addr":"明德路3巷9號"},"geometry":{"type":"Polygon","coordinates":[[[121.516909,25.106725],[121.517005,25.106632],[121.51703,25.106551],[121.517002,25.106519],[121.516961,25.106491],[121.516885,25.106487],[121.516726,25.106596],[121.516617,25.106682],[121.516577,25.106723],[121.516577,25.106779],[121.516666,25.106811],[121.516734,25.106827],[121.516909,25.106725]]]}},{"type":"Feature","properties":{"date":"2017/06/02","year":"2017","district":"松山區","depth":40,"level":"high","area":1180.0,"addr":"南京東路3段與敦化北路交叉口"},"geometry":{"type":"Polygon","coordinates":[[[121.551157,25.052308],[121.551157,25.0521],[121.551157,25.051842],[121.552573,25.051798],[121.552386,25.051531],[121.549323,25.051581],[121.549331,25.051633],[121.549414,25.051866],[121.549864,25.051881],[121.549886,25.052347],[121.549972,25.052313],[121.549965,25.052011],[121.549961,25.051861],[121.550401,25.051861],[121.551077,25.051861],[121.551087,25.052308],[121.551157,25.052308]]]}},{"type":"Feature","properties":{"date":"2017/06/02","year":"2017","district":"中山區","depth":30,"level":"medium","area":510.0,"addr":"北安路805巷(柏齡幼兒園)"},"geometry":{"type":"Polygon","coordinates":[[[121.554611,25.086219],[121.554615,25.086217],[121.554852,25.086121],[121.554831,25.085987],[121.554546,25.086052],[121.554549,25.086057],[121.554564,25.086095],[121.554585,25.08615],[121.554611,25.086219]]]}},{"type":"Feature","properties":{"date":"2017/06/02","year":"2017","district":"中山區","depth":30,"level":"medium","area":2350.0,"addr":"錦西街"},"geometry":{"type":"Polygon","coordinates":[[[121.521841,25.060356],[121.522774,25.060351],[121.522785,25.060604],[121.522922,25.060628],[121.522871,25.059744],[121.522731,25.059768],[121.522774,25.060259],[121.521894,25.060293],[121.521841,25.060356]]]}},{"type":"Feature","properties":{"date":"2017/06/02","year":"2017","district":"內湖區","depth":50,"level":"high","area":18400.0,"addr":"大湖山莊街本線從177巷口、大湖山莊街219巷淹到31弄口"},"geometry":{"type":"Polygon","coordinates":[[[121.599475,25.089587],[121.599367,25.089315],[121.599839,25.089198],[121.599421,25.088168],[121.600494,25.088304],[121.600531,25.088226],[121.599399,25.088047],[121.598976,25.088163],[121.598713,25.087954],[121.598756,25.087857],[121.598498,25.08776],[121.598477,25.087833],[121.59867,25.08792],[121.598541,25.08809],[121.598026,25.087838],[121.597967,25.087857],[121.597833,25.088207],[121.59776,25.088184],[121.597726,25.088173],[121.597722,25.088178],[121.597687,25.088221],[121.597694,25.088226],[121.598552,25.088659],[121.599163,25.089042],[121.599373,25.089591],[121.599475,25.089587]]]}},{"type":"Feature","properties":{"date":"2017/06/02","year":"2017","district":"中山區","depth":30,"level":"medium","area":41000.0,"addr":"赤峰街77巷、71巷、36號"},"geometry":{"type":"Polygon","coordinates":[[[121.519024,25.057152],[121.520483,25.057531],[121.520312,25.05483],[121.51896,25.055325],[121.518992,25.057143],[121.519024,25.057152]]]}},{"type":"Feature","properties":{"date":"2016/06/17","year":"2016","district":"信義區","depth":15,"level":"low","area":420.0,"addr":"信義區虎林街242巷75號至信義路6段33巷2號間"},"geometry":{"type":"Polygon","coordinates":[[[121.575996,25.035312],[121.57604,25.035276],[121.575772,25.035071],[121.575981,25.03483],[121.575929,25.034794],[121.575691,25.035084],[121.575996,25.035312]]]}},{"type":"Feature","properties":{"date":"2016/06/17","year":"2016","district":"南港區","depth":15,"level":"low","area":812.37,"addr":"忠孝東路6段周遭"},"geometry":{"type":"Polygon","coordinates":[[[121.588579,25.048092],[121.589588,25.048467],[121.58962,25.048398],[121.58859,25.048034],[121.588579,25.048092]]]}},{"type":"Feature","properties":{"date":"2016/06/17","year":"2016","district":"南港區","depth":15,"level":"low","area":514.98,"addr":"忠孝東路6段周遭"},"geometry":{"type":"Polygon","coordinates":[[[121.588166,25.049006],[121.589127,25.049234],[121.589159,25.049186],[121.588166,25.048967],[121.588166,25.049006]]]}},{"type":"Feature","properties":{"date":"2016/06/17","year":"2016","district":"南港區","depth":15,"level":"low","area":353.81,"addr":"忠孝東路6段周遭"},"geometry":{"type":"Polygon","coordinates":[[[121.588397,25.048612],[121.588853,25.04871],[121.588896,25.048705],[121.588896,25.048641],[121.588429,25.048564],[121.588397,25.048612]]]}},{"type":"Feature","properties":{"date":"2016/06/17","year":"2016","district":"南港區","depth":15,"level":"low","area":359.0,"addr":"忠孝東路6段周遭"},"geometry":{"type":"Polygon","coordinates":[[[121.588837,25.048617],[121.588907,25.048646],[121.589057,25.048287],[121.588971,25.048258],[121.588837,25.048617]]]}},{"type":"Feature","properties":{"date":"2016/06/17","year":"2016","district":"南港區","depth":20,"level":"medium","area":624.82,"addr":"成福路周遭"},"geometry":{"type":"Polygon","coordinates":[[[121.586809,25.041677],[121.587555,25.041823],[121.587592,25.04176],[121.586836,25.041604],[121.586809,25.041677]]]}},{"type":"Feature","properties":{"date":"2016/06/17","year":"2016","district":"南港區","depth":20,"level":"medium","area":1162.71,"addr":"成福路周遭"},"geometry":{"type":"Polygon","coordinates":[[[121.587528,25.041726],[121.587603,25.04176],[121.587995,25.041342],[121.588354,25.040992],[121.58852,25.040812],[121.588467,25.040749],[121.587528,25.041726]]]}},{"type":"Feature","properties":{"date":"2016/06/17","year":"2016","district":"南港區","depth":20,"level":"medium","area":1351.93,"addr":"成福路周遭"},"geometry":{"type":"Polygon","coordinates":[[[121.588477,25.040749],[121.588531,25.040797],[121.588676,25.040632],[121.589009,25.040102],[121.589325,25.039811],[121.589357,25.039748],[121.589261,25.039738],[121.588853,25.040161],[121.588477,25.040749]]]}},{"type":"Feature","properties":{"date":"2016/06/17","year":"2016","district":"南港區","depth":20,"level":"medium","area":1737.84,"addr":"成福路周遭"},"geometry":{"type":"Polygon","coordinates":[[[121.587619,25.039373],[121.589159,25.039782],[121.589191,25.039791],[121.589255,25.039723],[121.587651,25.039271],[121.587619,25.039373]]]}},{"type":"Feature","properties":{"date":"2016/06/17","year":"2016","district":"南港區","depth":20,"level":"medium","area":725.23,"addr":"成福路周遭"},"geometry":{"type":"Polygon","coordinates":[[[121.587045,25.04105],[121.58778,25.041434],[121.587834,25.041376],[121.587072,25.040977],[121.587045,25.04105]]]}},{"type":"Feature","properties":{"date":"2016/06/17","year":"2016","district":"南港區","depth":20,"level":"medium","area":473.24,"addr":"成福路周遭"},"geometry":{"type":"Polygon","coordinates":[[[121.587313,25.040355],[121.587603,25.0407],[121.587678,25.040788],[121.587737,25.040734],[121.58734,25.040287],[121.587313,25.040355]]]}},{"type":"Feature","properties":{"date":"2016/06/17","year":"2016","district":"南港區","depth":20,"level":"medium","area":426.54,"addr":"成福路周遭"},"geometry":{"type":"Polygon","coordinates":[[[121.587689,25.040797],[121.587979,25.040953],[121.588113,25.041011],[121.588172,25.041045],[121.588199,25.040972],[121.587989,25.04088],[121.58785,25.040807],[121.587748,25.040729],[121.587689,25.040797]]]}},{"type":"Feature","properties":{"date":"2016/06/17","year":"2016","district":"南港區","depth":20,"level":"medium","area":1479.22,"addr":"昆陽街周遭"},"geometry":{"type":"Polygon","coordinates":[[[121.594432,25.049545],[121.594494,25.04971],[121.594577,25.049829],[121.594671,25.049946],[121.594732,25.050004],[121.594808,25.050074],[121.59499,25.050264],[121.595057,25.050332],[121.595121,25.050398],[121.595199,25.050463],[121.595229,25.050492],[121.595274,25.050536],[121.595339,25.050478],[121.594657,25.049766],[121.594537,25.049574],[121.594515,25.049511],[121.594432,25.049545]]]}},{"type":"Feature","properties":{"date":"2016/06/17","year":"2016","district":"南港區","depth":20,"level":"medium","area":1347.4,"addr":"成福路周遭"},"geometry":{"type":"Polygon","coordinates":[[[121.587469,25.03983],[121.588204,25.040063],[121.588783,25.040219],[121.588848,25.040132],[121.587496,25.039777],[121.587469,25.03983]]]}},{"type":"Feature","properties":{"date":"2016/06/17","year":"2016","district":"南港區","depth":20,"level":"medium","area":317.26,"addr":"昆陽街周遭"},"geometry":{"type":"Polygon","coordinates":[[[121.595277,25.050541],[121.595403,25.050638],[121.595451,25.05066],[121.595591,25.050689],[121.595612,25.050626],[121.595457,25.050563],[121.595344,25.05048],[121.595277,25.050541]]]}},{"type":"Feature","properties":{"date":"2015/09/28","year":"2015","district":"內湖區","depth":30,"level":"medium","area":140.0,"addr":"成功路五段康湖路口"},"geometry":{"type":"Polygon","coordinates":[[[121.606881,25.08185],[121.606724,25.08164],[121.606473,25.082058],[121.606654,25.082059],[121.606881,25.08185]]]}},{"type":"Feature","properties":{"date":"2007/08/22","year":"2007","district":"中正區","depth":25,"level":"medium","area":7327.203302,"addr":"南陽街許昌街信楊街"},"geometry":{"type":"Polygon","coordinates":[[[121.516068,25.046343],[121.516211,25.046285],[121.516181,25.045542],[121.517185,25.045546],[121.517149,25.045432],[121.516153,25.045427],[121.516123,25.044684],[121.516931,25.044681],[121.516903,25.0446],[121.516123,25.044619],[121.516091,25.043418],[121.516001,25.043385],[121.516024,25.044619],[121.515065,25.044614],[121.515065,25.044704],[121.516034,25.044692],[121.516046,25.04546],[121.515086,25.045464],[121.515078,25.045562],[121.516046,25.04555],[121.516066,25.046089],[121.516068,25.046343]]]}},{"type":"Feature","properties":{"date":"2015/09/28","year":"2015","district":"文山區","depth":30,"level":"medium","area":60.4,"addr":"木柵路四段96號"},"geometry":{"type":"Polygon","coordinates":[[[121.57492,24.998369],[121.574992,24.998328],[121.57496,24.998278],[121.574874,24.998326],[121.57492,24.998369]]]}},{"type":"Feature","properties":{"date":"2015/09/28","year":"2015","district":"內湖區","depth":30,"level":"medium","area":140.0,"addr":"濱江街180巷8號"},"geometry":{"type":"Polygon","coordinates":[[[121.538517,25.070104],[121.538582,25.070104],[121.53858,25.06975],[121.538522,25.069759],[121.538517,25.070104]]]}},{"type":"Feature","properties":{"date":"2015/09/28","year":"2015","district":"北投區","depth":40,"level":"high","area":580.0,"addr":"承德路七段401巷171至173號"},"geometry":{"type":"Polygon","coordinates":[[[121.50027,25.115458],[121.500273,25.115356],[121.500104,25.115237],[121.499885,25.115082],[121.499893,25.115008],[121.499991,25.114926],[121.49992,25.114918],[121.499871,25.114915],[121.499807,25.115001],[121.499822,25.115038],[121.499843,25.115142],[121.50022,25.115395],[121.50027,25.115458]]]}},{"type":"Feature","properties":{"date":"2017/06/02","year":"2017","district":"中山區","depth":50,"level":"high","area":3046.0,"addr":"合江街"},"geometry":{"type":"Polygon","coordinates":[[[121.53963,25.059154],[121.53963,25.059112],[121.539264,25.059119],[121.539262,25.058807],[121.539884,25.058794],[121.539884,25.058717],[121.53929,25.058735],[121.539289,25.0587],[121.53963,25.058597],[121.539619,25.058565],[121.539258,25.058672],[121.539244,25.058242],[121.539159,25.058243],[121.539161,25.058739],[121.538817,25.05875],[121.538816,25.058816],[121.539163,25.058809],[121.539164,25.059109],[121.5388,25.059116],[121.538802,25.059169],[121.539167,25.059169],[121.539169,25.059474],[121.538982,25.059477],[121.538978,25.059531],[121.539171,25.059523],[121.539172,25.059964],[121.539275,25.059962],[121.539268,25.059165],[121.53963,25.059154]]]}},{"type":"Feature","properties":{"date":"2017/06/02","year":"2017","district":"內湖區","depth":15,"level":"low","area":2190.0,"addr":"江南街71巷"},"geometry":{"type":"Polygon","coordinates":[[[121.578029,25.07667],[121.578096,25.076723],[121.578229,25.076712],[121.578378,25.076428],[121.578176,25.076293],[121.578315,25.075784],[121.577507,25.075368],[121.577437,25.075447],[121.578213,25.075848],[121.578117,25.076254],[121.577959,25.076158],[121.57796,25.076265],[121.578208,25.076411],[121.578025,25.076666],[121.578029,25.07667]]]}},{"type":"Feature","properties":{"date":"2018/09/08","year":"2018","district":"士林區","depth":20,"level":"medium","area":0.0,"addr":"中山北路6段255巷底"},"geometry":{"type":"Polygon","coordinates":[[[121.525155,25.109441],[121.525077,25.109471],[121.525099,25.109515],[121.525181,25.109482],[121.525164,25.109467],[121.525155,25.109441]]]}},{"type":"Feature","properties":{"date":"2018/09/08","year":"2018","district":"士林區","depth":20,"level":"medium","area":0.0,"addr":"前港街26巷湖濱新村"},"geometry":{"type":"Polygon","coordinates":[[[121.522241,25.084122],[121.522181,25.084117],[121.522143,25.084422],[121.522201,25.084424],[121.522241,25.084122]]]}},{"type":"Feature","properties":{"date":"2018/09/08","year":"2018","district":"士林區","depth":30,"level":"medium","area":0.0,"addr":"中正路212巷1弄4號"},"geometry":{"type":"Polygon","coordinates":[[[121.5258,25.095752],[121.526239,25.095818],[121.526252,25.095757],[121.525812,25.095691],[121.5258,25.095752]]]}},{"type":"Feature","properties":{"date":"2018/09/08","year":"2018","district":"北投區","depth":15,"level":"low","area":0.0,"addr":"民族街3-5號"},"geometry":{"type":"Polygon","coordinates":[[[121.503972,25.132524],[121.504439,25.13225],[121.504423,25.132212],[121.503938,25.132482],[121.503972,25.132524]]]}},{"type":"Feature","properties":{"date":"2018/09/08","year":"2018","district":"大安區","depth":30,"level":"medium","area":0.0,"addr":"永康街23巷"},"geometry":{"type":"Polygon","coordinates":[[[121.532378,25.032132],[121.533044,25.032248],[121.533074,25.03216],[121.532384,25.03206],[121.532378,25.032132]]]}},{"type":"Feature","properties":{"date":"2018/09/08","year":"2018","district":"大安區","depth":30,"level":"medium","area":0.0,"addr":"和平東路2段265巷"},"geometry":{"type":"Polygon","coordinates":[[[121.543942,25.025859],[121.544003,25.027576],[121.544132,25.027562],[121.54411,25.025843],[121.543942,25.025859]]]}},{"type":"Feature","properties":{"date":"2018/09/08","year":"2018","district":"大安區","depth":20,"level":"medium","area":0.0,"addr":"新生南路2段(信義路與和平東路2段之間)"},"geometry":{"type":"Polygon","coordinates":[[[121.53461,25.026971],[121.532366,25.033509],[121.533056,25.033476],[121.535222,25.027052],[121.53461,25.026971]]]}},{"type":"Feature","properties":{"date":"2018/09/08","year":"2018","district":"大安區","depth":20,"level":"medium","area":0.0,"addr":"基隆路3段155巷"},"geometry":{"type":"Polygon","coordinates":[[[121.54402,25.013778],[121.542586,25.015605],[121.542762,25.015722],[121.544197,25.013873],[121.54402,25.013778]]]}},{"type":"Feature","properties":{"date":"2018/09/08","year":"2018","district":"大安區","depth":45,"level":"high","area":0.0,"addr":"基隆路3段149號"},"geometry":{"type":"Polygon","coordinates":[[[121.542389,25.015651],[121.544632,25.017465],[121.544722,25.017377],[121.542527,25.015506],[121.542389,25.015651]]]}},{"type":"Feature","properties":{"date":"2018/09/08","year":"2018","district":"中山區","depth":25,"level":"medium","area":0.0,"addr":"長安東路2段"},"geometry":{"type":"Polygon","coordinates":[[[121.542291,25.048434],[121.543686,25.048399],[121.543686,25.048252],[121.542221,25.048267],[121.542213,25.048475],[121.542291,25.048434]]]}},{"type":"Feature","properties":{"date":"2018/09/08","year":"2018","district":"中山區","depth":20,"level":"medium","area":0.0,"addr":"長安東路1段56巷1弄"},"geometry":{"type":"Polygon","coordinates":[[[121.529947,25.047037],[121.53065,25.046475],[121.530646,25.046396],[121.529891,25.046973],[121.529947,25.047037]]]}},{"type":"Feature","properties":{"date":"2018/09/08","year":"2018","district":"松山區","depth":15,"level":"low","area":700.0,"addr":"南京東路4段25號至51號"},"geometry":{"type":"Polygon","coordinates":[[[121.549484,25.051895],[121.552491,25.051872],[121.552489,25.051714],[121.549453,25.05178],[121.549484,25.051895]]]}},{"type":"Feature","properties":{"date":"1999/08/10","year":"1999","district":"士林區","depth":20,"level":"medium","area":1035.051764,"addr":"承德路4段福港街口"},"geometry":{"type":"Polygon","coordinates":[[[121.518197,25.089927],[121.518544,25.089926],[121.518543,25.089659],[121.518196,25.08966],[121.518197,25.089927]]]}},{"type":"Feature","properties":{"date":"1999/08/10","year":"1999","district":"大同區","depth":20,"level":"medium","area":1076.900587,"addr":"哈密街59巷56弄"},"geometry":{"type":"Polygon","coordinates":[[[121.514574,25.075425],[121.515687,25.075421],[121.515686,25.075335],[121.514574,25.075339],[121.514574,25.075425]]]}},{"type":"Feature","properties":{"date":"1993/07/26","year":"1993","district":"中山區","depth":30,"level":"medium","area":970.272834,"addr":"中山北路、錦州街路口"},"geometry":{"type":"Polygon","coordinates":[[[121.523216,25.060423],[121.523256,25.060286],[121.522713,25.060246],[121.5227,25.060436],[121.523216,25.060423]]]}},{"type":"Feature","properties":{"date":"2004/09/11","year":"2004","district":"內湖區","depth":50,"level":"high","area":18034.498535,"addr":"大湖山莊街"},"geometry":{"type":"Polygon","coordinates":[[[121.599985,25.089676],[121.600075,25.089634],[121.599932,25.089315],[121.599926,25.08915],[121.600084,25.089118],[121.600333,25.088983],[121.600514,25.088915],[121.600559,25.088775],[121.600558,25.088651],[121.600495,25.088373],[121.600318,25.088229],[121.599348,25.088088],[121.598963,25.088229],[121.598619,25.088608],[121.598608,25.08869],[121.598682,25.088757],[121.599182,25.089029],[121.599438,25.089131],[121.599642,25.089197],[121.599756,25.089233],[121.599985,25.089676]]]}},{"type":"Feature","properties":{"date":"2004/06/23","year":"2004","district":"內湖區","depth":15,"level":"low","area":429.369481,"addr":"內湖路一段91巷102-116號"},"geometry":{"type":"Polygon","coordinates":[[[121.562487,25.088252],[121.562481,25.088312],[121.5626,25.0883],[121.562613,25.08836],[121.562659,25.08836],[121.562659,25.088312],[121.562743,25.087993],[121.562658,25.087981],[121.562593,25.088216],[121.562487,25.088252]]]}},{"type":"Feature","properties":{"date":"1997/07/02","year":"1997","district":"中正區","depth":30,"level":"medium","area":926.588369,"addr":"南海路35號前"},"geometry":{"type":"Polygon","coordinates":[[[121.513938,25.031983],[121.514353,25.032031],[121.514352,25.031818],[121.513948,25.031792],[121.513938,25.031983]]]}},{"type":"Feature","properties":{"date":"2004/08/20","year":"2004","district":"文山區","depth":35,"level":"high","area":4466.055991,"addr":"木新路與保儀路口"},"geometry":{"type":"Polygon","coordinates":[[[121.564916,24.982597],[121.564889,24.982745],[121.565266,24.982856],[121.56566,24.983356],[121.565684,24.983395],[121.565656,24.983428],[121.565601,24.983421],[121.565574,24.983511],[121.565799,24.983543],[121.565883,24.983651],[121.565966,24.983604],[121.565775,24.983359],[121.565734,24.983034],[121.565754,24.983016],[121.566182,24.983166],[121.566248,24.983014],[121.565376,24.982715],[121.56545,24.982538],[121.565355,24.982513],[121.565281,24.982686],[121.564916,24.982597]]]}},{"type":"Feature","properties":{"date":"1999/08/25","year":"1999","district":"松山區","depth":30,"level":"medium","area":2762.090509,"addr":"南京東路敦化北路口"},"geometry":{"type":"Polygon","coordinates":[[[121.549028,25.052022],[121.549522,25.05202],[121.54952,25.05152],[121.549026,25.051521],[121.549028,25.052022]]]}},{"type":"Feature","properties":{"date":"2004/10/25","year":"2004","district":"北投區","depth":30,"level":"medium","area":857.085383,"addr":"陽金公路竹子湖派出所"},"geometry":{"type":"Polygon","coordinates":[[[121.540169,25.167666],[121.540214,25.16766],[121.540256,25.167643],[121.540293,25.167619],[121.540323,25.167587],[121.540343,25.167549],[121.540354,25.167508],[121.540353,25.167467],[121.540341,25.167426],[121.54032,25.167389],[121.540289,25.167358],[121.540251,25.167334],[121.540205,25.167334],[121.540161,25.167344],[121.54012,25.167364],[121.540087,25.167393],[121.540062,25.167428],[121.540048,25.167468],[121.540046,25.16751],[121.540055,25.167551],[121.540076,25.167588],[121.540106,25.16762],[121.540144,25.167643],[121.540187,25.167658],[121.540169,25.167666]]]}},{"type":"Feature","properties":{"date":"2004/09/11","year":"2004","district":"內湖區","depth":100,"level":"severe","area":16790.04301,"addr":"康寧路三段"},"geometry":{"type":"Polygon","coordinates":[[[121.612208,25.068432],[121.612115,25.068063],[121.611956,25.067767],[121.612159,25.067738],[121.612084,25.067204],[121.611647,25.067226],[121.611515,25.067009],[121.611704,25.066996],[121.611695,25.066889],[121.611419,25.066898],[121.611196,25.066488],[121.611232,25.066459],[121.611187,25.066422],[121.611086,25.066197],[121.611013,25.065889],[121.611099,25.065901],[121.611116,25.065798],[121.611003,25.065762],[121.611009,25.065059],[121.611145,25.06445],[121.611261,25.064075],[121.611319,25.063944],[121.611106,25.063862],[121.610999,25.064089],[121.610862,25.064529],[121.610799,25.064645],[121.610709,25.064727],[121.610547,25.064761],[121.610529,25.064826],[121.610751,25.065031],[121.610748,25.065348],[121.610699,25.065401],[121.610555,25.065426],[121.610596,25.065648],[121.610728,25.065746],[121.610828,25.066001],[121.610907,25.066333],[121.611126,25.066846],[121.611312,25.067153],[121.611681,25.067789],[121.611817,25.067986],[121.611987,25.068466],[121.612208,25.068432]]]}},{"type":"Feature","properties":{"date":"1998/10/15","year":"1998","district":"大同區","depth":20,"level":"medium","area":5051.104178,"addr":"承德路(民生西路-民權西路)"},"geometry":{"type":"Polygon","coordinates":[[[121.518048,25.062709],[121.518446,25.062707],[121.518441,25.061571],[121.518043,25.061572],[121.518048,25.062709]]]}},{"type":"Feature","properties":{"date":"2018/09/08","year":"2018","district":"萬華區","depth":15,"level":"low","area":0.0,"addr":"萬大路237巷10弄"},"geometry":{"type":"Polygon","coordinates":[[[121.50101,25.025406],[121.501026,25.026361],[121.501146,25.026368],[121.501111,25.025414],[121.50101,25.025406]]]}},{"type":"Feature","properties":{"date":"2008/05/27","year":"2008","district":"文山區","depth":35,"level":"high","area":11060.712613,"addr":"保儀路含木新路口一帶"},"geometry":{"type":"MultiPolygon","coordinates":[[[[121.564704,24.982545],[121.564287,24.982444],[121.564265,24.98243],[121.564103,24.982545],[121.565196,24.982857],[121.565278,24.982964],[121.56513,24.982931],[121.564924,24.983047],[121.565087,24.98308],[121.565374,24.983018],[121.565753,24.983521],[121.566676,24.984782],[121.567304,24.985647],[121.567467,24.985581],[121.566226,24.983917],[121.566234,24.983929],[121.56619,24.983882],[121.566129,24.983842],[121.565811,24.983373],[121.56578,24.98305],[121.566379,24.983243],[121.566466,24.983101],[121.565816,24.982868],[121.565825,24.982866],[121.565377,24.982713],[121.565343,24.982709],[121.564704,24.982545]]],[[[121.564279,24.982437],[121.564704,24.982545],[121.565291,24.982689],[121.564279,24.982437]]],[[[121.565831,24.982855],[121.565838,24.982859],[121.565838,24.982841],[121.565831,24.982855]]],[[[121.565838,24.98287],[121.565846,24.982873],[121.565846,24.982873],[121.565847,24.982874],[121.565846,24.982872],[121.565846,24.982864],[121.565839,24.982863],[121.565838,24.982863],[121.565838,24.98287]]],[[[121.565825,24.982866],[121.565836,24.98287],[121.565833,24.982864],[121.565825,24.982866]]],[[[121.565816,24.982868],[121.565838,24.982873],[121.565837,24.982872],[121.565816,24.982868]]],[[[121.565831,24.982861],[121.565833,24.982864],[121.565834,24.982864],[121.565838,24.982863],[121.565838,24.982863],[121.565831,24.982861]]],[[[121.565838,24.982873],[121.565846,24.982875],[121.565846,24.982873],[121.565838,24.982872],[121.565838,24.982873]]],[[[121.565838,24.982863],[121.565839,24.982863],[121.565842,24.982862],[121.565838,24.982859],[121.565838,24.982863]]],[[[121.565842,24.982862],[121.565846,24.982864],[121.565846,24.982861],[121.565842,24.982862]]],[[[121.565836,24.98287],[121.565837,24.982872],[121.565838,24.982872],[121.565838,24.98287],[121.565836,24.98287]]]]}},{"type":"Feature","properties":{"date":"2008/09/12","year":"2008","district":"中山區","depth":50,"level":"high","area":953.206223,"addr":"圓山飯店下方隧道路及北安公園一帶"},"geometry":{"type":"MultiPolygon","coordinates":[[[[121.527034,25.07643],[121.527076,25.076715],[121.52744,25.076766],[121.527393,25.076755],[121.527202,25.076711],[121.527184,25.076411],[121.527034,25.07643]]],[[[121.52744,25.076766],[121.52782,25.076853],[121.528036,25.076938],[121.528236,25.077089],[121.528346,25.07717],[121.528411,25.077118],[121.527857,25.076798],[121.527832,25.07682],[121.52744,25.076766]]]]}},{"type":"Feature","properties":{"date":"2008/09/27","year":"2008","district":"文山區","depth":40,"level":"high","area":9504.425444,"addr":"興隆路、興德路口(興德路10號及21巷10號)"},"geometry":{"type":"Polygon","coordinates":[[[121.554708,25.000903],[121.554976,25.000794],[121.555106,25.00085],[121.556262,25.00119],[121.556345,25.001251],[121.556382,25.001378],[121.55648,25.001378],[121.556438,25.00127],[121.55637,25.001152],[121.555324,25.000854],[121.555261,25.000694],[121.555994,25.000323],[121.556588,24.999991],[121.557532,24.999393],[121.557986,24.99908],[121.558033,24.999042],[121.557908,24.99891],[121.55716,24.999413],[121.556499,24.999831],[121.555998,25.000111],[121.555456,25.000401],[121.555341,25.000123],[121.555263,25.000156],[121.555379,25.000434],[121.554697,25.000705],[121.554614,25.000734],[121.554708,25.000903]]]}},{"type":"Feature","properties":{"date":"2009/08/12","year":"2009","district":"萬華區","depth":30,"level":"medium","area":462.327501,"addr":"西園路二段52巷"},"geometry":{"type":"MultiPolygon","coordinates":[[[[121.495532,25.031597],[121.495588,25.03162],[121.495592,25.031644],[121.495765,25.031637],[121.495825,25.031645],[121.495973,25.031667],[121.496099,25.031696],[121.496357,25.031773],[121.496566,25.03181],[121.496691,25.031817],[121.496773,25.031806],[121.496763,25.03178],[121.496568,25.031784],[121.496363,25.031747],[121.496095,25.031667],[121.49597,25.031638],[121.495907,25.031636],[121.495823,25.031623],[121.495759,25.031611],[121.495611,25.031615],[121.495584,25.031618],[121.495532,25.031597]]],[[[121.494996,25.031669],[121.495023,25.031684],[121.495232,25.031473],[121.495231,25.031472],[121.495208,25.031454],[121.494996,25.031669]]],[[[121.495232,25.031473],[121.495532,25.031597],[121.495233,25.031472],[121.495232,25.031473]]]]}},{"type":"Feature","properties":{"date":"2011/06/28","year":"2011","district":"松山區","depth":30,"level":"medium","area":296.87167,"addr":"興安街174巷3弄"},"geometry":{"type":"Polygon","coordinates":[[[121.5454,25.055746],[121.545493,25.055753],[121.545515,25.055746],[121.545738,25.05577],[121.545735,25.055756],[121.545801,25.055758],[121.545799,25.055784],[121.545987,25.055812],[121.545991,25.055803],[121.546032,25.055811],[121.546041,25.055801],[121.546179,25.055877],[121.546216,25.055877],[121.546334,25.055857],[121.546319,25.055836],[121.546227,25.055846],[121.546175,25.055836],[121.546121,25.055806],[121.546029,25.055775],[121.545813,25.055749],[121.545579,25.055736],[121.545452,25.055728],[121.545374,25.055689],[121.5454,25.055746]]]}},{"type":"Feature","properties":{"date":"2012/04/22","year":"2012","district":"北投區","depth":15,"level":"low","area":103.409482,"addr":"建民路18號1樓"},"geometry":{"type":"Polygon","coordinates":[[[121.515979,25.107407],[121.515938,25.107458],[121.516099,25.10753],[121.516122,25.107493],[121.515979,25.107407]]]}},{"type":"Feature","properties":{"date":"2012/05/02","year":"2012","district":"北投區","depth":15,"level":"low","area":748.87124,"addr":"承德路七段393巷"},"geometry":{"type":"Polygon","coordinates":[[[121.49907,25.113399],[121.499253,25.113532],[121.499718,25.113801],[121.499758,25.113745],[121.499016,25.113271],[121.49907,25.113399]]]}},{"type":"Feature","properties":{"date":"2012/06/12","year":"2012","district":"北投區","depth":50,"level":"high","area":1156.103691,"addr":"大度路1、2段交接口往關渡方向"},"geometry":{"type":"Polygon","coordinates":[[[121.486275,25.122444],[121.486375,25.122428],[121.486196,25.121657],[121.48616,25.12137],[121.486078,25.121376],[121.486103,25.121679],[121.486275,25.122444]]]}},{"type":"Feature","properties":{"date":"2012/08/12","year":"2012","district":"萬華區","depth":40,"level":"high","area":853.888872,"addr":"西園路2段52巷"},"geometry":{"type":"Polygon","coordinates":[[[121.495091,25.031781],[121.495246,25.031695],[121.495376,25.031653],[121.495495,25.031637],[121.49559,25.031628],[121.495812,25.031627],[121.495889,25.031642],[121.495916,25.031642],[121.496037,25.031667],[121.496124,25.031696],[121.496229,25.031734],[121.496308,25.031756],[121.496408,25.031778],[121.496499,25.031789],[121.49658,25.031801],[121.496644,25.031812],[121.496701,25.031818],[121.496766,25.031805],[121.496804,25.031786],[121.496865,25.03178],[121.496879,25.031723],[121.49686,25.031707],[121.496844,25.031714],[121.496816,25.031755],[121.496766,25.031784],[121.496733,25.03179],[121.496666,25.031798],[121.496632,25.031796],[121.496622,25.031777],[121.4966,25.031777],[121.496585,25.031765],[121.4965,25.031529],[121.496354,25.031063],[121.496328,25.031074],[121.496504,25.031617],[121.496555,25.031757],[121.496525,25.031767],[121.496369,25.031738],[121.496322,25.031555],[121.496352,25.03155],[121.496328,25.031496],[121.496366,25.03148],[121.496341,25.031399],[121.496265,25.031427],[121.496312,25.031578],[121.49633,25.031699],[121.496316,25.031712],[121.496274,25.031718],[121.496189,25.031689],[121.496114,25.031665],[121.49609,25.031658],[121.496057,25.031658],[121.496,25.031639],[121.495964,25.031625],[121.495909,25.031625],[121.495822,25.031612],[121.495766,25.031603],[121.49562,25.031606],[121.495511,25.031615],[121.49539,25.031636],[121.495313,25.031647],[121.495075,25.03177],[121.495087,25.031781],[121.495091,25.031781]]]}},{"type":"Feature","properties":{"date":"2015/07/23","year":"2015","district":"中山區","depth":40,"level":"high","area":3159.349569,"addr":"中山北路2段與錦西街一帶"},"geometry":{"type":"Polygon","coordinates":[[[121.522671,25.061741],[121.522777,25.061758],[121.522863,25.061008],[121.522858,25.060414],[121.522829,25.059534],[121.522729,25.059526],[121.522762,25.060289],[121.522193,25.060293],[121.522178,25.06041],[121.522777,25.060401],[121.522762,25.060991],[121.522671,25.061741]]]}},{"type":"Feature","properties":{"date":"2015/08/08","year":"2015","district":"文山區","depth":50,"level":"high","area":28617.565847,"addr":"景興路景華街景中街"},"geometry":{"type":"Polygon","coordinates":[[[121.543468,24.995064],[121.54472,24.995182],[121.544687,24.994285],[121.544505,24.993422],[121.544146,24.992672],[121.544192,24.992643],[121.544277,24.992885],[121.544433,24.992849],[121.544133,24.992259],[121.54399,24.992277],[121.544101,24.992513],[121.543358,24.99269],[121.543234,24.992519],[121.543143,24.992525],[121.54326,24.992702],[121.542947,24.992737],[121.542947,24.992909],[121.543338,24.992873],[121.543664,24.993481],[121.543749,24.993936],[121.543768,24.99448],[121.543084,24.994426],[121.543077,24.994515],[121.543755,24.994568],[121.543768,24.99468],[121.543397,24.994669],[121.54341,24.99474],[121.543742,24.994745],[121.543775,24.995017],[121.543475,24.995005],[121.543468,24.995064]]]}},{"type":"Feature","properties":{"date":"2017/06/02","year":"2017","district":"北投區","depth":30,"level":"medium","area":1650.0,"addr":"承德路7段401巷88弄巷內整條"},"geometry":{"type":"Polygon","coordinates":[[[121.499207,25.117741],[121.499291,25.117738],[121.499517,25.117729],[121.499522,25.117932],[121.499522,25.117932],[121.499525,25.117932],[121.499585,25.11793],[121.499657,25.117928],[121.499662,25.117513],[121.499521,25.117516],[121.499104,25.117526],[121.499078,25.117671],[121.499191,25.117666],[121.499207,25.117741]]]}},{"type":"Feature","properties":{"date":"2017/06/02","year":"2017","district":"北投區","depth":50,"level":"high","area":750.0,"addr":"洲美街5巷"},"geometry":{"type":"Polygon","coordinates":[[[121.508427,25.098213],[121.508639,25.098086],[121.508793,25.09799],[121.50887,25.097925],[121.509025,25.097793],[121.50899,25.097741],[121.508383,25.09816],[121.508427,25.098213]]]}},{"type":"Feature","properties":{"date":"2019/05/20","year":"2019","district":"北投區","depth":25,"level":"medium","area":280.0,"addr":"承德路7段401巷88弄"},"geometry":{"type":"Polygon","coordinates":[[[121.499234,25.117753],[121.499542,25.117736],[121.499542,25.117896],[121.499578,25.117892],[121.499582,25.117716],[121.499238,25.117722],[121.499234,25.117753]]]}},{"type":"Feature","properties":{"date":"2019/05/20","year":"2019","district":"北投區","depth":15,"level":"low","area":2100.0,"addr":"大度路怡和巷"},"geometry":{"type":"Polygon","coordinates":[[[121.495951,25.122261],[121.496606,25.122291],[121.496613,25.122046],[121.495888,25.122022],[121.495951,25.122261]]]}},{"type":"Feature","properties":{"date":"2019/05/20","year":"2019","district":"北投區","depth":15,"level":"low","area":45.0,"addr":"中央北路1段136號"},"geometry":{"type":"Polygon","coordinates":[[[121.498818,25.135267],[121.498888,25.135221],[121.498878,25.135215],[121.498812,25.135255],[121.498818,25.135267]]]}},{"type":"Feature","properties":{"date":"2019/05/20","year":"2019","district":"北投區","depth":30,"level":"medium","area":400.0,"addr":"大業路65巷1弄"},"geometry":{"type":"Polygon","coordinates":[[[121.496366,25.122652],[121.497105,25.122732],[121.497103,25.12269],[121.496374,25.122596],[121.496366,25.122652]]]}},{"type":"Feature","properties":{"date":"2019/05/20","year":"2019","district":"北投區","depth":15,"level":"low","area":300.0,"addr":"幽雅路與溫泉路交接口"},"geometry":{"type":"Polygon","coordinates":[[[121.511935,25.13706],[121.512,25.137026],[121.511951,25.136984],[121.512185,25.13693],[121.512338,25.136864],[121.512287,25.136832],[121.512173,25.136885],[121.511848,25.13694],[121.511715,25.136926],[121.511696,25.136971],[121.511862,25.136992],[121.511935,25.13706]]]}},{"type":"Feature","properties":{"date":"2019/05/20","year":"2019","district":"北投區","depth":40,"level":"high","area":1125.0,"addr":"洲美街184巷\n洲美街184巷\n洲美街184巷"},"geometry":{"type":"Polygon","coordinates":[[[121.502461,25.101102],[121.503054,25.100955],[121.503422,25.100635],[121.503304,25.100537],[121.502997,25.100781],[121.502395,25.101068],[121.502461,25.101102]]]}},{"type":"Feature","properties":{"date":"2019/05/20","year":"2019","district":"北投區","depth":15,"level":"low","area":250.0,"addr":"崇仁路1段131巷"},"geometry":{"type":"Polygon","coordinates":[[[121.502007,25.124356],[121.502036,25.124358],[121.502124,25.124059],[121.502078,25.124059],[121.502007,25.124356]]]}},{"type":"Feature","properties":{"date":"2019/05/20","year":"2019","district":"北投區","depth":15,"level":"low","area":400.0,"addr":"捷運新北投站"},"geometry":{"type":"Polygon","coordinates":[[[121.503948,25.136965],[121.504114,25.137043],[121.504197,25.136949],[121.504001,25.136886],[121.503948,25.136965]]]}},{"type":"Feature","properties":{"date":"2019/05/20","year":"2019","district":"士林區","depth":15,"level":"low","area":210.0,"addr":"中山北路5段福林路交叉口"},"geometry":{"type":"Polygon","coordinates":[[[121.528067,25.093557],[121.528131,25.093914],[121.528908,25.094426],[121.528972,25.09436],[121.528215,25.093842],[121.528146,25.09356],[121.528067,25.093557]]]}},{"type":"Feature","properties":{"date":"2019/05/20","year":"2019","district":"士林區","depth":30,"level":"medium","area":1750.0,"addr":"延平北路8段"},"geometry":{"type":"Polygon","coordinates":[[[121.48199,25.106002],[121.484089,25.105939],[121.484257,25.105861],[121.484193,25.105794],[121.484038,25.105863],[121.48199,25.105918],[121.48199,25.106002]]]}},{"type":"Feature","properties":{"date":"2016/06/17","year":"2016","district":"信義區","depth":25,"level":"medium","area":640.0,"addr":"信義路6段15巷"},"geometry":{"type":"Polygon","coordinates":[[[121.575142,25.035844],[121.575214,25.035847],[121.575179,25.035125],[121.575107,25.03513],[121.575142,25.035844]]]}},{"type":"Feature","properties":{"date":"2016/06/17","year":"2016","district":"信義區","depth":15,"level":"low","area":1500.0,"addr":"信義路6段30號至48號附近"},"geometry":{"type":"Polygon","coordinates":[[[121.576032,25.034733],[121.576099,25.03467],[121.57553,25.034247],[121.575469,25.034317],[121.576032,25.034733]]]}},{"type":"Feature","properties":{"date":"2019/08/21","year":"2019","district":"士林區","depth":15,"level":"low","area":4000.0,"addr":"通河東街1段"},"geometry":{"type":"Polygon","coordinates":[[[121.515659,25.087518],[121.515803,25.087523],[121.516292,25.084392],[121.516512,25.083676],[121.516384,25.083647],[121.51615,25.084381],[121.515659,25.087518]]]}},{"type":"Feature","properties":{"date":"2019/08/21","year":"2019","district":"士林區","depth":20,"level":"medium","area":1800.0,"addr":"延平北路5段與6段交叉口"},"geometry":{"type":"Polygon","coordinates":[[[121.510168,25.086805],[121.510194,25.086687],[121.509926,25.08657],[121.508323,25.086224],[121.508313,25.086304],[121.510168,25.086805]]]}},{"type":"Feature","properties":{"date":"2019/08/21","year":"2019","district":"士林區","depth":20,"level":"medium","area":195.0,"addr":"延平北路6段155巷"},"geometry":{"type":"Polygon","coordinates":[[[121.506773,25.089216],[121.507421,25.089353],[121.507492,25.089324],[121.50678,25.08917],[121.506773,25.089216]]]}},{"type":"Feature","properties":{"date":"2019/08/21","year":"2019","district":"士林區","depth":15,"level":"low","area":1440.0,"addr":"延平北路6段128號至166號"},"geometry":{"type":"Polygon","coordinates":[[[121.506405,25.089575],[121.506982,25.089618],[121.507239,25.089555],[121.507573,25.089427],[121.5077,25.089334],[121.507571,25.08925],[121.507493,25.089324],[121.507204,25.089439],[121.506809,25.089479],[121.506431,25.089453],[121.506405,25.089575]]]}},{"type":"Feature","properties":{"date":"2019/08/21","year":"2019","district":"士林區","depth":20,"level":"medium","area":800.0,"addr":"延平北路8段111巷"},"geometry":{"type":"Polygon","coordinates":[[[121.482821,25.10593],[121.482888,25.10592],[121.482845,25.105592],[121.483211,25.105583],[121.483218,25.105914],[121.4833,25.105922],[121.4833,25.105512],[121.482835,25.10552],[121.482827,25.105282],[121.483319,25.10525],[121.483321,25.105193],[121.48276,25.105218],[121.482821,25.10593]]]}},{"type":"Feature","properties":{"date":"2019/08/21","year":"2019","district":"士林區","depth":30,"level":"medium","area":4000.0,"addr":"中山北路5段與福林路口"},"geometry":{"type":"Polygon","coordinates":[[[121.527888,25.094138],[121.528259,25.09423],[121.52823,25.094006],[121.529531,25.094803],[121.529608,25.094617],[121.528189,25.093762],[121.528116,25.093524],[121.52791,25.093523],[121.527888,25.094138]]]}},{"type":"Feature","properties":{"date":"2019/08/21","year":"2019","district":"士林區","depth":15,"level":"low","area":1100.0,"addr":"通河西街1段100號"},"geometry":{"type":"Polygon","coordinates":[[[121.512259,25.085851],[121.512341,25.085874],[121.512526,25.084886],[121.51243,25.084868],[121.512259,25.085851]]]}},{"type":"Feature","properties":{"date":"2019/08/21","year":"2019","district":"大同區","depth":15,"level":"low","area":1500.0,"addr":"重慶北路3段235號至269號"},"geometry":{"type":"Polygon","coordinates":[[[121.513862,25.071171],[121.513983,25.071158],[121.513927,25.069567],[121.513812,25.069563],[121.513862,25.071171]]]}},{"type":"Feature","properties":{"date":"2020/08/03","year":"2020","district":"士林區","depth":15,"level":"low","area":120.0,"addr":"中正路 201 巷"},"geometry":{"type":"Polygon","coordinates":[[[121.526867,25.095262],[121.526964,25.095296],[121.527044,25.094834],[121.526932,25.09482],[121.526867,25.095262]]]}},{"type":"Feature","properties":{"date":"2020/08/03","year":"2020","district":"北投區","depth":20,"level":"medium","area":300.0,"addr":"尊賢街 241 巷"},"geometry":{"type":"Polygon","coordinates":[[[121.506785,25.116393],[121.507416,25.116567],[121.507429,25.116526],[121.506818,25.116337],[121.506785,25.116393]]]}},{"type":"Feature","properties":{"date":"2020/08/03","year":"2020","district":"北投區","depth":20,"level":"medium","area":400.0,"addr":"立賢里 012 鄰尊賢街 243 巷 11 號"},"geometry":{"type":"Polygon","coordinates":[[[121.506319,25.116844],[121.507051,25.117097],[121.507083,25.117026],[121.506351,25.116791],[121.506319,25.116844]]]}},{"type":"Feature","properties":{"date":"2020/08/03","year":"2020","district":"北投區","depth":25,"level":"medium","area":3600.0,"addr":"承德路7段393巷"},"geometry":{"type":"Polygon","coordinates":[[[121.500662,25.11579],[121.500769,25.1158],[121.500801,25.114804],[121.5007,25.114469],[121.500415,25.114129],[121.499648,25.113716],[121.499552,25.113838],[121.500351,25.114241],[121.500587,25.114523],[121.500689,25.114809],[121.500662,25.11579]]]}},{"type":"Feature","properties":{"date":"2020/08/03","year":"2020","district":"北投區","depth":25,"level":"medium","area":3600.0,"addr":"大業路 65 巷"},"geometry":{"type":"Polygon","coordinates":[[[121.497081,25.123039],[121.497121,25.123049],[121.497178,25.122619],[121.496322,25.12258],[121.496336,25.122631],[121.497124,25.122651],[121.497081,25.123039]]]}},{"type":"Feature","properties":{"date":"2020/08/11","year":"2020","district":"士林區","depth":15,"level":"low","area":450.0,"addr":"延平北路8段111 巷"},"geometry":{"type":"Polygon","coordinates":[[[121.483252,25.105913],[121.4833,25.105908],[121.483308,25.105087],[121.483254,25.105089],[121.483252,25.105913]]]}},{"type":"Feature","properties":{"date":"2020/08/11","year":"2020","district":"士林區","depth":18,"level":"medium","area":1100.0,"addr":"延平北路8段107號"},"geometry":{"type":"Polygon","coordinates":[[[121.483257,25.105954],[121.484046,25.105944],[121.484212,25.105874],[121.484185,25.105828],[121.484035,25.105893],[121.48326,25.105901],[121.483257,25.105954]]]}},{"type":"Feature","properties":{"date":"2020/08/27","year":"2020","district":"士林區","depth":20,"level":"medium","area":440.0,"addr":"中山北路5段福林路口"},"geometry":{"type":"Polygon","coordinates":[[[121.528166,25.093864],[121.528751,25.094255],[121.528812,25.094144],[121.528325,25.093835],[121.528205,25.093482],[121.528166,25.093864]]]}},{"type":"Feature","properties":{"date":"2020/08/27","year":"2020","district":"中正區","depth":15,"level":"low","area":1100.0,"addr":"和平西路1段168號"},"geometry":{"type":"Polygon","coordinates":[[[121.514635,25.027587],[121.515143,25.027457],[121.515118,25.027388],[121.514611,25.027502],[121.514635,25.027587]]]}},{"type":"Feature","properties":{"date":"2022/08/25","year":"2022","district":"大安區","depth":25,"level":"medium","area":500.0,"addr":"四維路44巷26號"},"geometry":{"type":"Polygon","coordinates":[[[121.546071,25.03558],[121.547033,25.035574],[121.547032,25.035517],[121.546069,25.035523],[121.546071,25.03558]]]}},{"type":"Feature","properties":{"date":"2022/10/16","year":"2022","district":"內湖區","depth":15,"level":"low","area":165.0,"addr":"成功路二段167號"},"geometry":{"type":"Polygon","coordinates":[[[121.590623,25.066384],[121.590669,25.066384],[121.590617,25.066031],[121.590643,25.065846],[121.590603,25.06583],[121.590573,25.06602],[121.590623,25.066384]]]}},{"type":"Feature","properties":{"date":"2022/10/16","year":"2022","district":"松山區","depth":20,"level":"medium","area":1280.0,"addr":"民生東路4段75巷"},"geometry":{"type":"Polygon","coordinates":[[[121.55117,25.058935],[121.551238,25.058944],[121.55134,25.058026],[121.551671,25.05805],[121.551677,25.057979],[121.550963,25.057921],[121.550959,25.05799],[121.551271,25.058025],[121.55117,25.058935]]]}},{"type":"Feature","properties":{"date":"2022/10/16","year":"2022","district":"松山區","depth":15,"level":"low","area":495.0,"addr":"敦化北路155巷100號"},"geometry":{"type":"Polygon","coordinates":[[[121.552141,25.054508],[121.552209,25.054511],[121.552209,25.054265],[121.552312,25.054263],[121.552311,25.054204],[121.552214,25.054207],[121.552219,25.054139],[121.552144,25.05414],[121.552147,25.054197],[121.552077,25.054206],[121.552081,25.054261],[121.552145,25.054269],[121.552141,25.054508]]]}},{"type":"Feature","properties":{"date":"2023/06/23","year":"2023","district":"萬華區","depth":20,"level":"medium","area":854.1,"addr":"西園路二段52巷"},"geometry":{"type":"Polygon","coordinates":[[[121.495479,25.031474],[121.495565,25.031683],[121.495826,25.031704],[121.49622,25.031837],[121.496643,25.031862],[121.496473,25.031363],[121.496426,25.031368],[121.496555,25.031809],[121.496415,25.031793],[121.496231,25.031231],[121.49618,25.031246],[121.496346,25.031781],[121.496237,25.031775],[121.495842,25.031654],[121.495606,25.031628],[121.495542,25.031464],[121.495479,25.031474]]]}},{"type":"Feature","properties":{"date":"2023/06/23","year":"2023","district":"中山區","depth":15,"level":"low","area":210.0,"addr":"錦西街1號"},"geometry":{"type":"Polygon","coordinates":[[[121.522388,25.060347],[121.522768,25.060331],[121.522769,25.06026],[121.522389,25.060275],[121.522388,25.060347]]]}},{"type":"Feature","properties":{"date":"2023/06/30","year":"2023","district":"士林區","depth":15,"level":"low","area":4800.0,"addr":"中山北路五段-福林路(中山北路5段512號)"},"geometry":{"type":"Polygon","coordinates":[[[121.528311,25.094903],[121.528328,25.094529],[121.528331,25.094314],[121.528331,25.094199],[121.528332,25.09403],[121.52836,25.094034],[121.528405,25.094056],[121.528485,25.094093],[121.528555,25.094137],[121.528639,25.094186],[121.52872,25.094245],[121.528825,25.094314],[121.528919,25.094379],[121.529042,25.094444],[121.529132,25.094509],[121.529254,25.094581],[121.529427,25.094697],[121.529616,25.09482],[121.529886,25.094993],[121.530096,25.095148],[121.530267,25.095264],[121.530442,25.095369],[121.530571,25.095451],[121.530646,25.095378],[121.530554,25.095309],[121.530413,25.095212],[121.530184,25.095068],[121.529978,25.094944],[121.529745,25.094788],[121.529603,25.094684],[121.529467,25.094601],[121.529342,25.094526],[121.529214,25.094446],[121.529105,25.094361],[121.528972,25.094263],[121.528862,25.094202],[121.528807,25.094166],[121.528678,25.09408],[121.528564,25.094019],[121.528475,25.093957],[121.528306,25.093886],[121.528176,25.093974],[121.528191,25.094062],[121.528206,25.094132],[121.528219,25.09424],[121.528238,25.094365],[121.528251,25.094505],[121.528247,25.094664],[121.528229,25.094887],[121.528311,25.094903]]]}},{"type":"Feature","properties":{"date":"2023/06/30","year":"2023","district":"士林區","depth":15,"level":"low","area":990.0,"addr":"中正路201巷、212巷1弄、213巷29號、223巷及235巷"},"geometry":{"type":"MultiPolygon","coordinates":[[[[121.526327,25.094131],[121.526288,25.094112],[121.525895,25.09529],[121.525931,25.095297],[121.526327,25.094131]]],[[[121.526621,25.093669],[121.526571,25.093667],[121.52625,25.095357],[121.526294,25.095363],[121.526621,25.093669]]],[[[121.526909,25.093695],[121.526833,25.093678],[121.526524,25.095419],[121.526595,25.095439],[121.526909,25.093695]]],[[[121.52726,25.093738],[121.527184,25.093712],[121.526828,25.095482],[121.526918,25.095512],[121.52726,25.093738]]],[[[121.526189,25.095728],[121.525857,25.095678],[121.525846,25.095738],[121.526178,25.095789],[121.526189,25.095728]]]]}},{"type":"Feature","properties":{"date":"2023/06/30","year":"2023","district":"士林區","depth":15,"level":"low","area":5400.0,"addr":"至善路一段"},"geometry":{"type":"Polygon","coordinates":[[[121.538087,25.097865],[121.538212,25.097827],[121.538408,25.097768],[121.538735,25.097682],[121.539142,25.097569],[121.539519,25.097464],[121.539757,25.097399],[121.540119,25.097327],[121.540285,25.097313],[121.540648,25.097286],[121.540883,25.09727],[121.541114,25.09727],[121.541126,25.097219],[121.540874,25.097227],[121.540541,25.097246],[121.540181,25.097273],[121.539875,25.097324],[121.53956,25.097397],[121.539147,25.09751],[121.538919,25.097574],[121.538485,25.097687],[121.538188,25.097779],[121.538069,25.097816],[121.538087,25.097865]]]}},{"type":"Feature","properties":{"date":"2023/06/30","year":"2023","district":"中山區","depth":15,"level":"low","area":210.0,"addr":"中山北路錦西街口"},"geometry":{"type":"Polygon","coordinates":[[[121.522848,25.060349],[121.522846,25.060241],[121.522353,25.060246],[121.522352,25.060328],[121.522454,25.060335],[121.522848,25.060349]]]}},{"type":"Feature","properties":{"date":"2023/06/30","year":"2023","district":"中山區","depth":20,"level":"medium","area":4600.0,"addr":"北安路47號"},"geometry":{"type":"Polygon","coordinates":[[[121.527153,25.076732],[121.527675,25.077077],[121.528038,25.077327],[121.528376,25.077574],[121.528719,25.077772],[121.528936,25.077817],[121.529114,25.077843],[121.529243,25.077752],[121.529057,25.077701],[121.528765,25.07761],[121.528537,25.0775],[121.528237,25.077294],[121.52803,25.077119],[121.527781,25.076932],[121.52756,25.076771],[121.527303,25.076603],[121.527153,25.076732]]]}},{"type":"Feature","properties":{"date":"2023/08/22","year":"2023","district":"大同區","depth":15,"level":"low","area":804.76,"addr":"延平北路一段143號"},"geometry":{"type":"Polygon","coordinates":[[[121.511693,25.053858],[121.511789,25.053868],[121.511846,25.05329],[121.511707,25.05329],[121.511693,25.053858]]]}},{"type":"Feature","properties":{"date":"2023/08/22","year":"2023","district":"中山區","depth":15,"level":"low","area":271.37,"addr":"北安路535號"},"geometry":{"type":"Polygon","coordinates":[[[121.547583,25.080105],[121.547616,25.080075],[121.547504,25.079984],[121.547389,25.079931],[121.547299,25.079896],[121.547268,25.079895],[121.54726,25.079933],[121.547363,25.07997],[121.547473,25.080024],[121.547583,25.080105]]]}},{"type":"Feature","properties":{"date":"2023/08/22","year":"2023","district":"中山區","depth":15,"level":"low","area":166.7,"addr":"中山北路錦西街口"},"geometry":{"type":"Polygon","coordinates":[[[121.522748,25.060348],[121.522751,25.060308],[121.522297,25.060292],[121.5223,25.06033],[121.522748,25.060348]]]}},{"type":"Feature","properties":{"date":"2023/08/27","year":"2023","district":"中山區","depth":15,"level":"low","area":467.64,"addr":"北安路535號"},"geometry":{"type":"Polygon","coordinates":[[[121.547254,25.079946],[121.547358,25.079964],[121.547405,25.079995],[121.547494,25.080041],[121.547603,25.080126],[121.547646,25.080086],[121.547582,25.080035],[121.547539,25.079998],[121.547482,25.07996],[121.547394,25.079916],[121.547272,25.079886],[121.547254,25.079946]]]}},{"type":"Feature","properties":{"date":"2023/08/20","year":"2023","district":"士林區","depth":15,"level":"low","area":320.0,"addr":"中山北路五段-福林路及福林路50號"},"geometry":{"type":"Polygon","coordinates":[[[121.529222,25.094515],[121.529804,25.094898],[121.529833,25.09488],[121.529249,25.094493],[121.529222,25.094515]]]}},{"type":"Feature","properties":{"date":"2023/08/20","year":"2023","district":"士林區","depth":25,"level":"medium","area":5400.0,"addr":"福林里至善路一段130號"},"geometry":{"type":"Polygon","coordinates":[[[121.538096,25.097922],[121.538351,25.097822],[121.538642,25.097736],[121.539334,25.097529],[121.539771,25.097429],[121.540166,25.097354],[121.540481,25.09733],[121.540995,25.097271],[121.540992,25.097222],[121.540879,25.097233],[121.540763,25.097236],[121.540541,25.097247],[121.539949,25.097306],[121.539943,25.097276],[121.539952,25.097233],[121.53997,25.097171],[121.539991,25.097085],[121.54003,25.096999],[121.539985,25.096999],[121.539955,25.097061],[121.539887,25.097311],[121.538054,25.097809],[121.538096,25.097922]]]}},{"type":"Feature","properties":{"date":"2023/08/20","year":"2023","district":"中正區","depth":15,"level":"low","area":600.0,"addr":"濟南路一段3-1號"},"geometry":{"type":"Polygon","coordinates":[[[121.520987,25.042766],[121.521003,25.042805],[121.522051,25.042566],[121.522039,25.042526],[121.520987,25.042766]]]}},{"type":"Feature","properties":{"date":"2023/08/10","year":"2023","district":"士林區","depth":15,"level":"low","area":502.16,"addr":"中正路-延平北路5段"},"geometry":{"type":"Polygon","coordinates":[[[121.509381,25.086638],[121.509759,25.086748],[121.509848,25.086748],[121.509884,25.086738],[121.510001,25.086716],[121.510144,25.086716],[121.510144,25.086603],[121.510069,25.086622],[121.509966,25.086615],[121.509873,25.086657],[121.509816,25.086641],[121.509727,25.086625],[121.509663,25.086625],[121.509449,25.086528],[121.509381,25.086638]]]}},{"type":"Feature","properties":{"date":"2023/08/10","year":"2023","district":"士林區","depth":15,"level":"low","area":469.92,"addr":"中山北路5段-福林路（士林官邸前）"},"geometry":{"type":"Polygon","coordinates":[[[121.529607,25.094847],[121.530011,25.095123],[121.530273,25.095261],[121.530406,25.095351],[121.530448,25.095295],[121.529655,25.094783],[121.529607,25.094847]]]}},{"type":"Feature","properties":{"date":"2023/08/10","year":"2023","district":"士林區","depth":20,"level":"medium","area":313.53,"addr":"承德路4段305號"},"geometry":{"type":"Polygon","coordinates":[[[121.518307,25.090319],[121.518435,25.090333],[121.518477,25.090021],[121.51834,25.090037],[121.518307,25.090319]]]}},{"type":"Feature","properties":{"date":"2023/08/10","year":"2023","district":"大同區","depth":25,"level":"medium","area":792.79,"addr":"迪化街2段256-1號至268號"},"geometry":{"type":"Polygon","coordinates":[[[121.511471,25.07063],[121.511598,25.07063],[121.511617,25.070713],[121.511644,25.070801],[121.511653,25.070851],[121.511682,25.07093],[121.511684,25.070945],[121.511749,25.070937],[121.511726,25.070842],[121.511697,25.070718],[121.511678,25.070634],[121.511775,25.070621],[121.51187,25.070613],[121.511916,25.070608],[121.51191,25.070553],[121.511676,25.070572],[121.511644,25.070356],[121.511587,25.07036],[121.511619,25.070561],[121.51157,25.070568],[121.511515,25.070572],[121.511473,25.070573],[121.511471,25.07063]]]}},{"type":"Feature","properties":{"date":"2023/08/10","year":"2023","district":"大同區","depth":20,"level":"medium","area":510.97,"addr":"重慶北路3段96-1號至116號"},"geometry":{"type":"Polygon","coordinates":[[[121.513533,25.067236],[121.513632,25.067234],[121.51363,25.066821],[121.51353,25.066818],[121.513533,25.067236]]]}},{"type":"Feature","properties":{"date":"2023/08/10","year":"2023","district":"大同區","depth":15,"level":"low","area":804.76,"addr":"延平北路1段136號"},"geometry":{"type":"Polygon","coordinates":[[[121.511694,25.053839],[121.511839,25.05385],[121.51186,25.053387],[121.511724,25.053387],[121.511694,25.053839]]]}},{"type":"Feature","properties":{"date":"2023/08/10","year":"2023","district":"大同區","depth":15,"level":"low","area":441.54,"addr":"民族西路244至260號"},"geometry":{"type":"Polygon","coordinates":[[[121.512677,25.06859],[121.511911,25.06862],[121.511917,25.068687],[121.51268,25.068673],[121.512677,25.06859]]]}},{"type":"Feature","properties":{"date":"2023/08/10","year":"2023","district":"中山區","depth":15,"level":"low","area":475.03,"addr":"中山北路2段120號"},"geometry":{"type":"Polygon","coordinates":[[[121.523148,25.060963],[121.523084,25.060959],[121.522998,25.061499],[121.52308,25.061499],[121.523148,25.060963]]]}},{"type":"Feature","properties":{"date":"2023/08/10","year":"2023","district":"中山區","depth":20,"level":"medium","area":1265.16,"addr":"中山北路錦西街口至中山北路2段120號"},"geometry":{"type":"Polygon","coordinates":[[[121.521315,25.060397],[121.521504,25.060397],[121.521875,25.060388],[121.522503,25.060375],[121.522784,25.060372],[121.522788,25.060465],[121.522784,25.060601],[121.522788,25.060766],[121.522784,25.060995],[121.522774,25.061244],[121.522881,25.061253],[121.522902,25.061059],[121.522909,25.060862],[121.522916,25.060672],[121.522902,25.060378],[121.522891,25.060233],[121.522881,25.059942],[121.522749,25.059952],[121.522766,25.060268],[121.521308,25.060317],[121.521315,25.060397]]]}},{"type":"Feature","properties":{"date":"2023/08/10","year":"2023","district":"中山區","depth":15,"level":"low","area":295.12,"addr":"北安路535號"},"geometry":{"type":"Polygon","coordinates":[[[121.547121,25.080005],[121.547412,25.08001],[121.54748,25.080083],[121.547629,25.080193],[121.547718,25.080096],[121.547658,25.080043],[121.547575,25.079986],[121.547477,25.079959],[121.547406,25.079922],[121.547296,25.079887],[121.54721,25.07987],[121.547139,25.079852],[121.547112,25.079854],[121.547121,25.080005]]]}},{"type":"Feature","properties":{"date":"2023/08/10","year":"2023","district":"中山區","depth":20,"level":"medium","area":801.68,"addr":"中山北路4段一帶"},"geometry":{"type":"Polygon","coordinates":[[[121.524971,25.078507],[121.524799,25.078476],[121.524747,25.078623],[121.524676,25.078864],[121.524567,25.079208],[121.524471,25.07954],[121.524348,25.079988],[121.524305,25.08016],[121.524281,25.080418],[121.524281,25.080586],[121.524291,25.080767],[121.524319,25.08084],[121.524362,25.080991],[121.524471,25.080991],[121.52441,25.080836],[121.524381,25.080702],[121.524376,25.080608],[121.524381,25.08047],[121.524391,25.08028],[121.524457,25.080026],[121.524581,25.079729],[121.524633,25.079566],[121.524719,25.079303],[121.524804,25.078959],[121.524971,25.078507]]]}},{"type":"Feature","properties":{"date":"2023/08/10","year":"2023","district":"中正區","depth":15,"level":"low","area":885.68,"addr":"和平西路1段168號"},"geometry":{"type":"MultiPolygon","coordinates":[[[[121.514549,25.027447],[121.514547,25.027397],[121.514521,25.027316],[121.514452,25.027197],[121.51439,25.027227],[121.514497,25.027434],[121.514483,25.027432],[121.514433,25.027432],[121.514371,25.027421],[121.514285,25.027419],[121.514178,25.027402],[121.514095,25.0274],[121.51409,25.027484],[121.514181,25.027494],[121.514309,25.027531],[121.514399,25.027544],[121.514518,25.02757],[121.514547,25.02752],[121.514549,25.027447]]],[[[121.515112,25.027509],[121.515065,25.027415],[121.514673,25.027533],[121.514713,25.027632],[121.514832,25.027593],[121.514958,25.027561],[121.515034,25.027537],[121.515112,25.027509]]]]}},{"type":"Feature","properties":{"date":"2023/08/10","year":"2023","district":"中正區","depth":15,"level":"low","area":233.19,"addr":"延平南路160號"},"geometry":{"type":"Polygon","coordinates":[[[121.508159,25.038178],[121.508169,25.038236],[121.508392,25.038187],[121.508436,25.038164],[121.508423,25.038112],[121.508407,25.038044],[121.508389,25.037966],[121.508342,25.037966],[121.508383,25.03812],[121.508306,25.038144],[121.508159,25.038178]]]}},{"type":"Feature","properties":{"date":"2023/08/10","year":"2023","district":"中正區","depth":15,"level":"low","area":2503.25,"addr":"濟南路1段7號"},"geometry":{"type":"Polygon","coordinates":[[[121.520815,25.042935],[121.521909,25.042671],[121.521867,25.042545],[121.520765,25.042774],[121.520815,25.042935]]]}},{"type":"Feature","properties":{"date":"2023/08/10","year":"2023","district":"中正區","depth":15,"level":"low","area":825.24,"addr":"懷寧街78號及92號"},"geometry":{"type":"Polygon","coordinates":[[[121.513999,25.043231],[121.514095,25.043231],[121.51407,25.042576],[121.513985,25.042572],[121.513999,25.043231]]]}},{"type":"Feature","properties":{"date":"2023/08/10","year":"2023","district":"中正區","depth":15,"level":"low","area":867.88,"addr":"衡陽路69號"},"geometry":{"type":"Polygon","coordinates":[[[121.511527,25.042372],[121.512063,25.042371],[121.512067,25.042262],[121.511525,25.04224],[121.511527,25.042372]]]}},{"type":"Feature","properties":{"date":"2023/08/10","year":"2023","district":"中正區","depth":15,"level":"low","area":360.42,"addr":"襄陽路4號"},"geometry":{"type":"Polygon","coordinates":[[[121.514028,25.043385],[121.513498,25.043391],[121.513496,25.043441],[121.514033,25.043452],[121.514028,25.043385]]]}},{"type":"Feature","properties":{"date":"2023/08/10","year":"2023","district":"中正區","depth":15,"level":"low","area":369.03,"addr":"信陽街"},"geometry":{"type":"Polygon","coordinates":[[[121.515376,25.044623],[121.515368,25.044694],[121.515818,25.04469],[121.515825,25.044632],[121.515376,25.044623]]]}},{"type":"Feature","properties":{"date":"2023/08/10","year":"2023","district":"中正區","depth":15,"level":"low","area":680.67,"addr":"博愛路166號前(總統府後門)"},"geometry":{"type":"Polygon","coordinates":[[[121.511442,25.041208],[121.511349,25.040381],[121.511299,25.040392],[121.511382,25.041208],[121.511442,25.041208]]]}},{"type":"Feature","properties":{"date":"2023/08/10","year":"2023","district":"中正區","depth":15,"level":"low","area":390.17,"addr":"南陽街24號"},"geometry":{"type":"Polygon","coordinates":[[[121.516064,25.044686],[121.516095,25.045103],[121.516161,25.045106],[121.516135,25.044681],[121.516064,25.044686]]]}},{"type":"Feature","properties":{"date":"2023/08/10","year":"2023","district":"中正區","depth":15,"level":"low","area":705.68,"addr":"公園路21號(弘道國中大門前)"},"geometry":{"type":"MultiPolygon","coordinates":[[[[121.515109,25.037618],[121.515068,25.036802],[121.515028,25.036804],[121.515043,25.037618],[121.515109,25.037618]]],[[[121.514999,25.037403],[121.514974,25.0374],[121.51498,25.03761],[121.514986,25.03771],[121.515016,25.037711],[121.515007,25.037611],[121.514999,25.037474],[121.514999,25.037403]]]]}},{"type":"Feature","properties":{"date":"2023/08/10","year":"2023","district":"中正區","depth":15,"level":"low","area":598.68,"addr":"重慶南路1段165號"},"geometry":{"type":"Polygon","coordinates":[[[121.512703,25.038764],[121.51261,25.038758],[121.512426,25.038756],[121.512301,25.038776],[121.512125,25.038804],[121.511782,25.038848],[121.511805,25.038897],[121.512704,25.038814],[121.512703,25.038764]]]}},{"type":"Feature","properties":{"date":"2023/08/10","year":"2023","district":"萬華區","depth":15,"level":"low","area":402.82,"addr":"萬大路277巷"},"geometry":{"type":"Polygon","coordinates":[[[121.500778,25.025436],[121.501232,25.025468],[121.501237,25.025391],[121.500773,25.025369],[121.500778,25.025436]]]}},{"type":"Feature","properties":{"date":"2023/08/10","year":"2023","district":"萬華區","depth":15,"level":"low","area":854.1,"addr":"西園路二段52巷"},"geometry":{"type":"Polygon","coordinates":[[[121.495479,25.031495],[121.495526,25.031616],[121.495577,25.031659],[121.495639,25.031659],[121.495663,25.031621],[121.495776,25.031626],[121.495832,25.031626],[121.495915,25.031626],[121.495969,25.031645],[121.496055,25.031675],[121.49615,25.031691],[121.496245,25.031715],[121.496355,25.031742],[121.496432,25.031753],[121.496498,25.031769],[121.496581,25.031801],[121.496631,25.03181],[121.49659,25.031705],[121.496566,25.031624],[121.496518,25.031484],[121.49648,25.031371],[121.496435,25.031371],[121.496486,25.031508],[121.496507,25.031573],[121.49651,25.031651],[121.496545,25.031702],[121.496557,25.031731],[121.496495,25.031729],[121.496382,25.031699],[121.496251,25.031266],[121.496183,25.031279],[121.496316,25.031659],[121.496177,25.031643],[121.496004,25.031594],[121.495847,25.031575],[121.495713,25.031589],[121.495618,25.031591],[121.49558,25.031581],[121.495541,25.031481],[121.495479,25.031495]]]}},{"type":"Feature","properties":{"date":"2023/08/10","year":"2023","district":"大同區","depth":15,"level":"low","area":1000.0,"addr":"重慶北路3段(民族西路和重慶北路3段的交叉路口)"},"geometry":{"type":"MultiPolygon","coordinates":[[[[121.513862,25.068462],[121.513881,25.068311],[121.513762,25.068522],[121.513772,25.068578],[121.513957,25.068574],[121.513862,25.068462]]],[[[121.513914,25.068703],[121.513767,25.068703],[121.5138,25.069892],[121.513891,25.069883],[121.513886,25.069461],[121.513886,25.069216],[121.513886,25.069052],[121.513881,25.06891],[121.513876,25.068781],[121.513914,25.068703]]]]}},{"type":"Feature","properties":{"date":"2023/08/10","year":"2023","district":"大同區","depth":20,"level":"medium","area":1200.0,"addr":"重慶北路3段191號至229號"},"geometry":{"type":"Polygon","coordinates":[[[121.513926,25.070571],[121.514038,25.070566],[121.514043,25.070512],[121.513926,25.070512],[121.513888,25.069643],[121.51384,25.06964],[121.513799,25.069847],[121.5138,25.070189],[121.513807,25.070338],[121.513814,25.070499],[121.513819,25.070553],[121.513819,25.070599],[121.513826,25.070627],[121.513826,25.07067],[121.513826,25.070719],[121.513926,25.070715],[121.513926,25.070571]]]}},{"type":"Feature","properties":{"date":"2023/08/10","year":"2023","district":"大同區","depth":15,"level":"low","area":560.0,"addr":"重慶北路3段236巷"},"geometry":{"type":"Polygon","coordinates":[[[121.513505,25.070588],[121.513643,25.070571],[121.513643,25.070588],[121.513648,25.070693],[121.513653,25.070799],[121.513729,25.070794],[121.513724,25.070758],[121.513724,25.070732],[121.513724,25.070689],[121.513724,25.070657],[121.513724,25.070624],[121.513724,25.070614],[121.513729,25.070566],[121.513722,25.070545],[121.513722,25.070523],[121.513726,25.070478],[121.513734,25.070446],[121.513736,25.0704],[121.513734,25.070321],[121.513717,25.070207],[121.513622,25.070045],[121.513634,25.070499],[121.513503,25.070519],[121.513505,25.070588]]]}},{"type":"Feature","properties":{"date":"2024/08/23","year":"2024","district":"中正區","depth":25,"level":"medium","area":1679.37,"addr":"臺北市中正區汀州路三段100號至水源市場"},"geometry":{"type":"Polygon","coordinates":[[[121.533061,25.01457],[121.533543,25.014226],[121.534447,25.013583],[121.534532,25.013512],[121.534461,25.01344],[121.534388,25.013523],[121.532998,25.014496],[121.533061,25.01457]]]}},{"type":"Feature","properties":{"date":"2024/09/21","year":"2024","district":"內湖區","depth":25,"level":"medium","area":629.9,"addr":"臺北市內湖區大湖里004鄰成功路五段180號"},"geometry":{"type":"Polygon","coordinates":[[[121.606228,25.082514],[121.606425,25.082298],[121.606554,25.082129],[121.606607,25.082061],[121.606633,25.08201],[121.606546,25.082031],[121.606455,25.082105],[121.606367,25.082215],[121.606278,25.082315],[121.606201,25.082414],[121.606183,25.082451],[121.606165,25.082536],[121.606189,25.082538],[121.606228,25.082514]]]}},{"type":"Feature","properties":{"date":"2025/10/19","year":"2025","district":"士林區","depth":45,"level":"high","area":93.75,"addr":"臺北市士林區文林路770巷(建民橋下涵洞)"},"geometry":{"type":"Polygon","coordinates":[[[121.52079,25.106446],[121.520854,25.106379],[121.520918,25.106473],[121.520864,25.10654],[121.52079,25.106446]]]}}]}
